track_name,track_pop,artist,album,length,track_uri,danceability,energy,key,loudness,mode,speechiness,acousticness,instrumentalness,liveness,valence,tempo,type,id,uri,track_href,analysis_url,duration_ms,time_signature
Cupid – Twin Ver. (FIFTY FIFTY) – Sped Up Version,85,sped up 8282,Cupid – Twin Ver. (FIFTY FIFTY) – Sped Up Version,145200,spotify:track:3B228N0GxfUCwPyfNcJxps,0.737,0.725,5,-7.989,1,0.0414,0.417,0.00129,0.0895,0.746,144.069,audio_features,3B228N0GxfUCwPyfNcJxps,spotify:track:3B228N0GxfUCwPyfNcJxps,https://api.spotify.com/v1/tracks/3B228N0GxfUCwPyfNcJxps,https://api.spotify.com/v1/audio-analysis/3B228N0GxfUCwPyfNcJxps,145200,4
Miss You - Sped Up Version,72,Oliver Tree,Miss You (Sped Up Version),171701,spotify:track:4pH8cIlMI9NrTWcDiQbuRe,0.527,0.66,0,-10.692,1,0.0877,0.0141,0.0185,0.156,0.283,173.979,audio_features,4pH8cIlMI9NrTWcDiQbuRe,spotify:track:4pH8cIlMI9NrTWcDiQbuRe,https://api.spotify.com/v1/tracks/4pH8cIlMI9NrTWcDiQbuRe,https://api.spotify.com/v1/audio-analysis/4pH8cIlMI9NrTWcDiQbuRe,171702,4
The Lost Soul Down - Slowed & Reverb,80,NBSPLV,The Lost Soul Down (Slowed & Reverb),241111,spotify:track:5XtsfMFmpM401S6dbVaOQw,0.725,0.519,0,-10.367,1,0.0356,0.03,0.918,0.0876,0.351,90.041,audio_features,5XtsfMFmpM401S6dbVaOQw,spotify:track:5XtsfMFmpM401S6dbVaOQw,https://api.spotify.com/v1/tracks/5XtsfMFmpM401S6dbVaOQw,https://api.spotify.com/v1/audio-analysis/5XtsfMFmpM401S6dbVaOQw,241111,4
Daylight,98,David Kushner,Daylight,212953,spotify:track:1odExI7RdWc4BT515LTAwj,0.508,0.43,2,-9.475,0,0.0335,0.83,0.000441,0.093,0.324,130.09,audio_features,1odExI7RdWc4BT515LTAwj,spotify:track:1odExI7RdWc4BT515LTAwj,https://api.spotify.com/v1/tracks/1odExI7RdWc4BT515LTAwj,https://api.spotify.com/v1/audio-analysis/1odExI7RdWc4BT515LTAwj,212954,4
See You Again (feat. Kali Uchis),95,"Tyler, The Creator",Flower Boy,180386,spotify:track:7KA4W4McWYRpgf0fWsJZWB,0.558,0.559,6,-9.222,1,0.0959,0.371,7.49e-06,0.109,0.62,78.558,audio_features,7KA4W4McWYRpgf0fWsJZWB,spotify:track:7KA4W4McWYRpgf0fWsJZWB,https://api.spotify.com/v1/tracks/7KA4W4McWYRpgf0fWsJZWB,https://api.spotify.com/v1/audio-analysis/7KA4W4McWYRpgf0fWsJZWB,180387,4
Makeba,85,Jain,Zanaka (Deluxe),248986,spotify:track:4TNFLwe6DhtR3Wn1JKMqMJ,0.825,0.663,2,-9.414,1,0.0687,0.423,0.415,0.286,0.417,116.051,audio_features,4TNFLwe6DhtR3Wn1JKMqMJ,spotify:track:4TNFLwe6DhtR3Wn1JKMqMJ,https://api.spotify.com/v1/tracks/4TNFLwe6DhtR3Wn1JKMqMJ,https://api.spotify.com/v1/audio-analysis/4TNFLwe6DhtR3Wn1JKMqMJ,248987,4
Flowers,96,Miley Cyrus,Flowers,200454,spotify:track:0yLdNVWF3Srea0uzk55zFn,0.707,0.681,0,-4.325,1,0.0668,0.0632,5.15e-06,0.0322,0.646,117.999,audio_features,0yLdNVWF3Srea0uzk55zFn,spotify:track:0yLdNVWF3Srea0uzk55zFn,https://api.spotify.com/v1/tracks/0yLdNVWF3Srea0uzk55zFn,https://api.spotify.com/v1/audio-analysis/0yLdNVWF3Srea0uzk55zFn,200455,4
Boy's a Liar Pt. 2,94,PinkPantheress,Boy's a liar Pt. 2,131013,spotify:track:6AQbmUe0Qwf5PZnt4HmTXv,0.696,0.809,5,-8.254,1,0.05,0.252,0.000128,0.248,0.857,132.962,audio_features,6AQbmUe0Qwf5PZnt4HmTXv,spotify:track:6AQbmUe0Qwf5PZnt4HmTXv,https://api.spotify.com/v1/tracks/6AQbmUe0Qwf5PZnt4HmTXv,https://api.spotify.com/v1/audio-analysis/6AQbmUe0Qwf5PZnt4HmTXv,131013,4
Smooth Operator - C.I.S.C.O Edit,55,C.I.S.C.O,Smooth Operator (C.I.S.C.O Edit),413431,spotify:track:1PMNC9w22I2tpXjUTs0FyI,0.8,0.495,9,-11.454,0,0.0476,0.0129,0.723,0.0738,0.735,127.996,audio_features,1PMNC9w22I2tpXjUTs0FyI,spotify:track:1PMNC9w22I2tpXjUTs0FyI,https://api.spotify.com/v1/tracks/1PMNC9w22I2tpXjUTs0FyI,https://api.spotify.com/v1/audio-analysis/1PMNC9w22I2tpXjUTs0FyI,413431,4
On My Nek,49,rixh forever,On My Nek,168124,spotify:track:34XxAwSvncIXIuli0UZYmD,0.731,0.519,1,-7.175,1,0.288,0.0565,1.57e-05,0.106,0.17,139.883,audio_features,34XxAwSvncIXIuli0UZYmD,spotify:track:34XxAwSvncIXIuli0UZYmD,https://api.spotify.com/v1/tracks/34XxAwSvncIXIuli0UZYmD,https://api.spotify.com/v1/audio-analysis/34XxAwSvncIXIuli0UZYmD,168125,4
Blue Hair,87,TV Girl,Death of a Party Girl,217000,spotify:track:39sDitIeCMrVX2QyXHY46t,0.751,0.72,4,-6.376,1,0.0303,0.554,0.0497,0.258,0.884,135.73,audio_features,39sDitIeCMrVX2QyXHY46t,spotify:track:39sDitIeCMrVX2QyXHY46t,https://api.spotify.com/v1/tracks/39sDitIeCMrVX2QyXHY46t,https://api.spotify.com/v1/audio-analysis/39sDitIeCMrVX2QyXHY46t,217000,4
Sure Thing - Sped Up,82,Miguel,Sure Thing (Sped Up),150053,spotify:track:559SdaPI7mqy9IQiscuaMj,0.753,0.458,4,-12.52,0,0.123,0.0812,0.00413,0.209,0.662,105.057,audio_features,559SdaPI7mqy9IQiscuaMj,spotify:track:559SdaPI7mqy9IQiscuaMj,https://api.spotify.com/v1/tracks/559SdaPI7mqy9IQiscuaMj,https://api.spotify.com/v1/audio-analysis/559SdaPI7mqy9IQiscuaMj,150054,4
Angels Like You,94,Miley Cyrus,Plastic Hearts,196453,spotify:track:1daDRI9ahBonbWD8YcxOIB,0.672,0.642,5,-4.035,1,0.0313,0.0981,0.0,0.1,0.494,121.981,audio_features,1daDRI9ahBonbWD8YcxOIB,spotify:track:1daDRI9ahBonbWD8YcxOIB,https://api.spotify.com/v1/tracks/1daDRI9ahBonbWD8YcxOIB,https://api.spotify.com/v1/audio-analysis/1daDRI9ahBonbWD8YcxOIB,196453,4
Sunroof,36,Nicky Youre,Sunroof,163025,spotify:track:3RfTeIrWS8LNrfHYwechtt,0.768,0.716,10,-5.11,1,0.0404,0.35,0.0,0.15,0.841,131.43,audio_features,3RfTeIrWS8LNrfHYwechtt,spotify:track:3RfTeIrWS8LNrfHYwechtt,https://api.spotify.com/v1/tracks/3RfTeIrWS8LNrfHYwechtt,https://api.spotify.com/v1/audio-analysis/3RfTeIrWS8LNrfHYwechtt,163026,4
The Girl Next Door,41,Romerro,The Girl Next Door,248919,spotify:track:1XZizu0tn5Xjyl1GqIlf4p,0.686,0.424,0,-10.814,1,0.0815,0.308,0.0237,0.236,0.448,94.024,audio_features,1XZizu0tn5Xjyl1GqIlf4p,spotify:track:1XZizu0tn5Xjyl1GqIlf4p,https://api.spotify.com/v1/tracks/1XZizu0tn5Xjyl1GqIlf4p,https://api.spotify.com/v1/audio-analysis/1XZizu0tn5Xjyl1GqIlf4p,248919,4
Here With Me,76,d4vd,Here With Me,242484,spotify:track:78Sw5GDo6AlGwTwanjXbGh,0.574,0.469,4,-8.209,1,0.0254,0.534,9.21e-05,0.128,0.288,132.023,audio_features,78Sw5GDo6AlGwTwanjXbGh,spotify:track:78Sw5GDo6AlGwTwanjXbGh,https://api.spotify.com/v1/tracks/78Sw5GDo6AlGwTwanjXbGh,https://api.spotify.com/v1/audio-analysis/78Sw5GDo6AlGwTwanjXbGh,242485,4
Bad Habit,85,Steve Lacy,Bad Habit,232114,spotify:track:5CM4UuQ9Gnd6K2YyKGPMoK,0.686,0.507,1,-7.097,1,0.0357,0.626,7.51e-05,0.383,0.69,168.955,audio_features,5CM4UuQ9Gnd6K2YyKGPMoK,spotify:track:5CM4UuQ9Gnd6K2YyKGPMoK,https://api.spotify.com/v1/tracks/5CM4UuQ9Gnd6K2YyKGPMoK,https://api.spotify.com/v1/audio-analysis/5CM4UuQ9Gnd6K2YyKGPMoK,232115,4
sdp interlude,86,Travis Scott,Birds In The Trap Sing McKnight,191622,spotify:track:4gh0ZnHzaTMT1sDga7Ek0N,0.507,0.586,0,-8.15,0,0.0586,0.599,0.0544,0.118,0.588,108.164,audio_features,4gh0ZnHzaTMT1sDga7Ek0N,spotify:track:4gh0ZnHzaTMT1sDga7Ek0N,https://api.spotify.com/v1/tracks/4gh0ZnHzaTMT1sDga7Ek0N,https://api.spotify.com/v1/audio-analysis/4gh0ZnHzaTMT1sDga7Ek0N,191623,4
golden hour,22,JVKE,golden hour,209259,spotify:track:6GD1eomgaGT1Epto6Q5eAo,0.511,0.594,1,-4.799,0,0.0316,0.651,0.177,0.249,0.143,94.473,audio_features,6GD1eomgaGT1Epto6Q5eAo,spotify:track:6GD1eomgaGT1Epto6Q5eAo,https://api.spotify.com/v1/tracks/6GD1eomgaGT1Epto6Q5eAo,https://api.spotify.com/v1/audio-analysis/6GD1eomgaGT1Epto6Q5eAo,209260,3
Hate U,41,EOMALLZ,Gold Dreams,153286,spotify:track:5aeUcvHjTbgzwohJoQo4cI,0.612,0.731,6,-6.483,1,0.0411,0.0394,0.0,0.095,0.593,130.046,audio_features,5aeUcvHjTbgzwohJoQo4cI,spotify:track:5aeUcvHjTbgzwohJoQo4cI,https://api.spotify.com/v1/tracks/5aeUcvHjTbgzwohJoQo4cI,https://api.spotify.com/v1/audio-analysis/5aeUcvHjTbgzwohJoQo4cI,153287,4
Say Yes To Heaven,92,Lana Del Rey,Say Yes To Heaven,209156,spotify:track:6GGtHZgBycCgGBUhZo81xe,0.49,0.352,6,-11.577,0,0.0254,0.709,0.0856,0.114,0.166,99.992,audio_features,6GGtHZgBycCgGBUhZo81xe,spotify:track:6GGtHZgBycCgGBUhZo81xe,https://api.spotify.com/v1/tracks/6GGtHZgBycCgGBUhZo81xe,https://api.spotify.com/v1/audio-analysis/6GGtHZgBycCgGBUhZo81xe,209156,4
Bel Mercy,77,Jengi,Bel Mercy,169606,spotify:track:1635wWSdp29PO3GxYhy991,0.941,0.753,6,-4.905,1,0.0905,0.458,0.61,0.109,0.681,127.02,audio_features,1635wWSdp29PO3GxYhy991,spotify:track:1635wWSdp29PO3GxYhy991,https://api.spotify.com/v1/tracks/1635wWSdp29PO3GxYhy991,https://api.spotify.com/v1/audio-analysis/1635wWSdp29PO3GxYhy991,169606,4
B.O.T.A. (Baddest Of Them All),66,Eliza Rose,B.O.T.A. (Baddest Of Them All),358266,spotify:track:45bfH0GZvUyujIBiKRhXso,0.756,0.962,0,-7.526,1,0.0583,0.0671,0.703,0.194,0.749,136.981,audio_features,45bfH0GZvUyujIBiKRhXso,spotify:track:45bfH0GZvUyujIBiKRhXso,https://api.spotify.com/v1/tracks/45bfH0GZvUyujIBiKRhXso,https://api.spotify.com/v1/audio-analysis/45bfH0GZvUyujIBiKRhXso,358267,4
Creepin' (with The Weeknd & 21 Savage),95,Metro Boomin,HEROES & VILLAINS,221520,spotify:track:2dHHgzDwk4BJdRwy9uXhTO,0.715,0.62,1,-6.005,0,0.0484,0.417,0.0,0.0822,0.172,97.95,audio_features,2dHHgzDwk4BJdRwy9uXhTO,spotify:track:2dHHgzDwk4BJdRwy9uXhTO,https://api.spotify.com/v1/tracks/2dHHgzDwk4BJdRwy9uXhTO,https://api.spotify.com/v1/audio-analysis/2dHHgzDwk4BJdRwy9uXhTO,221520,4
Get In My Space,40,Clay County,Get In My Space,161379,spotify:track:6HAMfR0xn2qESc0kopBzvB,0.738,0.593,6,-8.638,1,0.111,0.491,1.07e-05,0.144,0.717,86.985,audio_features,6HAMfR0xn2qESc0kopBzvB,spotify:track:6HAMfR0xn2qESc0kopBzvB,https://api.spotify.com/v1/tracks/6HAMfR0xn2qESc0kopBzvB,https://api.spotify.com/v1/audio-analysis/6HAMfR0xn2qESc0kopBzvB,161379,4
Glimpse of Us,87,Joji,Glimpse of Us,233456,spotify:track:6xGruZOHLs39ZbVccQTuPZ,0.44,0.317,8,-9.258,1,0.0531,0.891,4.78e-06,0.141,0.268,169.914,audio_features,6xGruZOHLs39ZbVccQTuPZ,spotify:track:6xGruZOHLs39ZbVccQTuPZ,https://api.spotify.com/v1/tracks/6xGruZOHLs39ZbVccQTuPZ,https://api.spotify.com/v1/audio-analysis/6xGruZOHLs39ZbVccQTuPZ,233456,3
Just Wanna Rock,88,Lil Uzi Vert,Just Wanna Rock,123890,spotify:track:4FyesJzVpA39hbYvcseO2d,0.486,0.545,11,-7.924,1,0.0336,0.0652,0.00474,0.0642,0.0385,150.187,audio_features,4FyesJzVpA39hbYvcseO2d,spotify:track:4FyesJzVpA39hbYvcseO2d,https://api.spotify.com/v1/tracks/4FyesJzVpA39hbYvcseO2d,https://api.spotify.com/v1/audio-analysis/4FyesJzVpA39hbYvcseO2d,123891,4
Baby Girl,80,Disco Lines,Baby Girl,111074,spotify:track:2cSdAkzAf2T4j4aLvx4LLz,0.73,0.907,2,-3.72,1,0.0606,0.0921,0.114,0.23,0.249,120.968,audio_features,2cSdAkzAf2T4j4aLvx4LLz,spotify:track:2cSdAkzAf2T4j4aLvx4LLz,https://api.spotify.com/v1/tracks/2cSdAkzAf2T4j4aLvx4LLz,https://api.spotify.com/v1/audio-analysis/2cSdAkzAf2T4j4aLvx4LLz,111074,4
abcdefu,42,Aux Control,abcdefu,144720,spotify:track:6HdnJMzfArQj7CBBbtvT2R,0.763,0.828,1,-6.872,0,0.102,0.0291,0.191,0.443,0.277,125.062,audio_features,6HdnJMzfArQj7CBBbtvT2R,spotify:track:6HdnJMzfArQj7CBBbtvT2R,https://api.spotify.com/v1/tracks/6HdnJMzfArQj7CBBbtvT2R,https://api.spotify.com/v1/audio-analysis/6HdnJMzfArQj7CBBbtvT2R,144720,4
Unstoppable,48,MŪNTII,Unstoppable,172400,spotify:track:6FX9Mt9BDS9JaWBVgI3OaN,0.547,0.832,7,-3.169,0,0.0384,0.0169,0.0,0.193,0.456,149.945,audio_features,6FX9Mt9BDS9JaWBVgI3OaN,spotify:track:6FX9Mt9BDS9JaWBVgI3OaN,https://api.spotify.com/v1/tracks/6FX9Mt9BDS9JaWBVgI3OaN,https://api.spotify.com/v1/audio-analysis/6FX9Mt9BDS9JaWBVgI3OaN,172400,4
Moonlight,90,Kali Uchis,Moonlight,187557,spotify:track:2i2gDpKKWjvnRTOZRhaPh2,0.639,0.723,7,-6.462,0,0.0532,0.511,0.0,0.167,0.878,136.872,audio_features,2i2gDpKKWjvnRTOZRhaPh2,spotify:track:2i2gDpKKWjvnRTOZRhaPh2,https://api.spotify.com/v1/tracks/2i2gDpKKWjvnRTOZRhaPh2,https://api.spotify.com/v1/audio-analysis/2i2gDpKKWjvnRTOZRhaPh2,187558,4
The Ballet Girl,12,Aden Foyer,The Ballet Girl,201424,spotify:track:1yVBxI8TaIL86Rrmah83fd,0.694,0.816,1,-4.741,1,0.0293,0.0796,1.17e-06,0.103,0.601,118.036,audio_features,1yVBxI8TaIL86Rrmah83fd,spotify:track:1yVBxI8TaIL86Rrmah83fd,https://api.spotify.com/v1/tracks/1yVBxI8TaIL86Rrmah83fd,https://api.spotify.com/v1/audio-analysis/1yVBxI8TaIL86Rrmah83fd,201425,4
Turnt UP,29,Ydizz,Turnt UP,203650,spotify:track:7uynTUyBJRezIvfxwSMOmf,0.819,0.475,2,-11.624,1,0.276,0.133,0.0,0.0897,0.233,123.023,audio_features,7uynTUyBJRezIvfxwSMOmf,spotify:track:7uynTUyBJRezIvfxwSMOmf,https://api.spotify.com/v1/tracks/7uynTUyBJRezIvfxwSMOmf,https://api.spotify.com/v1/audio-analysis/7uynTUyBJRezIvfxwSMOmf,203651,4
Kill Bill,94,SZA,SOS,153946,spotify:track:1Qrg8KqiBpW07V7PNxwwwL,0.644,0.735,8,-5.747,1,0.0391,0.0521,0.144,0.161,0.418,88.98,audio_features,1Qrg8KqiBpW07V7PNxwwwL,spotify:track:1Qrg8KqiBpW07V7PNxwwwL,https://api.spotify.com/v1/tracks/1Qrg8KqiBpW07V7PNxwwwL,https://api.spotify.com/v1/audio-analysis/1Qrg8KqiBpW07V7PNxwwwL,153947,4
Willing To Ride,31,ZayFr0mDaG,WoodG Baby,152320,spotify:track:0o8eD6QWHMh3iEwo9xCNSt,0.733,0.561,9,-8.459,1,0.181,0.195,1.63e-06,0.366,0.345,141.059,audio_features,0o8eD6QWHMh3iEwo9xCNSt,spotify:track:0o8eD6QWHMh3iEwo9xCNSt,https://api.spotify.com/v1/tracks/0o8eD6QWHMh3iEwo9xCNSt,https://api.spotify.com/v1/audio-analysis/0o8eD6QWHMh3iEwo9xCNSt,152320,4
Apocalypse,86,Cigarettes After Sex,Cigarettes After Sex,290616,spotify:track:0yc6Gst2xkRu0eMLeRMGCX,0.37,0.467,5,-9.013,1,0.0273,0.0205,0.572,0.109,0.182,94.485,audio_features,0yc6Gst2xkRu0eMLeRMGCX,spotify:track:0yc6Gst2xkRu0eMLeRMGCX,https://api.spotify.com/v1/tracks/0yc6Gst2xkRu0eMLeRMGCX,https://api.spotify.com/v1/audio-analysis/0yc6Gst2xkRu0eMLeRMGCX,290617,4
Atlantis,88,Seafret,Tell Me It's Real (Expanded Edition),229173,spotify:track:1Fid2jjqsHViMX6xNH70hE,0.4,0.479,8,-7.989,0,0.0308,0.0529,2.14e-06,0.115,0.213,166.159,audio_features,1Fid2jjqsHViMX6xNH70hE,spotify:track:1Fid2jjqsHViMX6xNH70hE,https://api.spotify.com/v1/tracks/1Fid2jjqsHViMX6xNH70hE,https://api.spotify.com/v1/audio-analysis/1Fid2jjqsHViMX6xNH70hE,229173,4
Heat Waves,53,Glass Animals,Dreamland (+ Bonus Levels),238805,spotify:track:02MWAaffLxlfxAUY7c5dvx,0.761,0.525,11,-6.9,1,0.0944,0.44,6.7e-06,0.0921,0.531,80.87,audio_features,02MWAaffLxlfxAUY7c5dvx,spotify:track:02MWAaffLxlfxAUY7c5dvx,https://api.spotify.com/v1/tracks/02MWAaffLxlfxAUY7c5dvx,https://api.spotify.com/v1/audio-analysis/02MWAaffLxlfxAUY7c5dvx,238805,4
Fade Away,45,WYATT,Fade Away,300000,spotify:track:73aUnuj2x9KeKDgriFHQbc,0.654,0.704,2,-7.059,1,0.0351,0.00517,0.0565,0.0714,0.799,143.999,audio_features,73aUnuj2x9KeKDgriFHQbc,spotify:track:73aUnuj2x9KeKDgriFHQbc,https://api.spotify.com/v1/tracks/73aUnuj2x9KeKDgriFHQbc,https://api.spotify.com/v1/audio-analysis/73aUnuj2x9KeKDgriFHQbc,300000,4
Super Freaky Girl,80,Nicki Minaj,Super Freaky Girl,170977,spotify:track:4C6Uex2ILwJi9sZXRdmqXp,0.95,0.891,2,-2.653,1,0.241,0.0645,1.77e-05,0.309,0.912,133.01,audio_features,4C6Uex2ILwJi9sZXRdmqXp,spotify:track:4C6Uex2ILwJi9sZXRdmqXp,https://api.spotify.com/v1/tracks/4C6Uex2ILwJi9sZXRdmqXp,https://api.spotify.com/v1/audio-analysis/4C6Uex2ILwJi9sZXRdmqXp,170977,4
I Ain't Worried,94,OneRepublic,"I Ain’t Worried (Music From The Motion Picture ""Top Gun: Maverick"")",148485,spotify:track:4h9wh7iOZ0GGn8QVp4RAOB,0.704,0.797,0,-5.927,1,0.0475,0.0826,0.000745,0.0546,0.825,139.994,audio_features,4h9wh7iOZ0GGn8QVp4RAOB,spotify:track:4h9wh7iOZ0GGn8QVp4RAOB,https://api.spotify.com/v1/tracks/4h9wh7iOZ0GGn8QVp4RAOB,https://api.spotify.com/v1/audio-analysis/4h9wh7iOZ0GGn8QVp4RAOB,148486,4
THE SHADE,82,Rex Orange County,WHO CARES?,181506,spotify:track:1gH1h30wkQdd9zhY3j7a8T,0.898,0.509,5,-7.973,1,0.062,0.391,0.0,0.0876,0.727,119.869,audio_features,1gH1h30wkQdd9zhY3j7a8T,spotify:track:1gH1h30wkQdd9zhY3j7a8T,https://api.spotify.com/v1/tracks/1gH1h30wkQdd9zhY3j7a8T,https://api.spotify.com/v1/audio-analysis/1gH1h30wkQdd9zhY3j7a8T,181507,4
Options,43,MAI TY,Options,131724,spotify:track:4TxpIGb6ke1k2pomLDL6Ph,0.721,0.596,11,-8.367,0,0.32,0.0269,0.0,0.0852,0.363,174.016,audio_features,4TxpIGb6ke1k2pomLDL6Ph,spotify:track:4TxpIGb6ke1k2pomLDL6Ph,https://api.spotify.com/v1/tracks/4TxpIGb6ke1k2pomLDL6Ph,https://api.spotify.com/v1/audio-analysis/4TxpIGb6ke1k2pomLDL6Ph,131724,4
As It Was,92,Harry Styles,As It Was,167303,spotify:track:4LRPiXqCikLlN15c3yImP7,0.52,0.731,6,-5.338,0,0.0557,0.342,0.00101,0.311,0.662,173.93,audio_features,4LRPiXqCikLlN15c3yImP7,spotify:track:4LRPiXqCikLlN15c3yImP7,https://api.spotify.com/v1/tracks/4LRPiXqCikLlN15c3yImP7,https://api.spotify.com/v1/audio-analysis/4LRPiXqCikLlN15c3yImP7,167303,4
With you,26,reubencmg,With you,176000,spotify:track:4HftZQccFAnZ6lRvZOACZI,0.592,0.634,11,-9.866,1,0.321,0.584,4.69e-05,0.0934,0.886,89.578,audio_features,4HftZQccFAnZ6lRvZOACZI,spotify:track:4HftZQccFAnZ6lRvZOACZI,https://api.spotify.com/v1/tracks/4HftZQccFAnZ6lRvZOACZI,https://api.spotify.com/v1/audio-analysis/4HftZQccFAnZ6lRvZOACZI,176000,4
Mount Everest,83,Labrinth,Imagination & the Misfit Kid,157497,spotify:track:1ZdhOMWyFR8Iv9eylMGYg2,0.494,0.428,0,-7.239,0,0.205,0.236,0.0698,0.0816,0.44,87.724,audio_features,1ZdhOMWyFR8Iv9eylMGYg2,spotify:track:1ZdhOMWyFR8Iv9eylMGYg2,https://api.spotify.com/v1/tracks/1ZdhOMWyFR8Iv9eylMGYg2,https://api.spotify.com/v1/audio-analysis/1ZdhOMWyFR8Iv9eylMGYg2,157497,4
Side Effects,13,Matteo Germeno,Side Effects,199289,spotify:track:3BnYzxDBNw9I3YaQmVLS0A,0.552,0.665,1,-5.865,1,0.0309,0.00113,0.0,0.0815,0.522,127.036,audio_features,3BnYzxDBNw9I3YaQmVLS0A,spotify:track:3BnYzxDBNw9I3YaQmVLS0A,https://api.spotify.com/v1/tracks/3BnYzxDBNw9I3YaQmVLS0A,https://api.spotify.com/v1/audio-analysis/3BnYzxDBNw9I3YaQmVLS0A,199289,4
Rainfall (Praise You),78,Tom Santa,Rainfall (Praise You),166569,spotify:track:1M8t1j3Kv2qp97bdq5q4Vl,0.767,0.862,5,-5.464,0,0.0606,0.14,0.0092,0.252,0.509,128.039,audio_features,1M8t1j3Kv2qp97bdq5q4Vl,spotify:track:1M8t1j3Kv2qp97bdq5q4Vl,https://api.spotify.com/v1/tracks/1M8t1j3Kv2qp97bdq5q4Vl,https://api.spotify.com/v1/audio-analysis/1M8t1j3Kv2qp97bdq5q4Vl,166570,4
Pressure,31,Josiah & The Greater Good,Pressure,213095,spotify:track:5N7vf2JCOXTorINADED9K7,0.745,0.439,0,-11.719,1,0.113,0.276,0.0,0.121,0.75,127.011,audio_features,5N7vf2JCOXTorINADED9K7,spotify:track:5N7vf2JCOXTorINADED9K7,https://api.spotify.com/v1/tracks/5N7vf2JCOXTorINADED9K7,https://api.spotify.com/v1/audio-analysis/5N7vf2JCOXTorINADED9K7,213096,4
THATS WHAT I WANT,85,Lil Nas X,MONTERO,143901,spotify:track:0e8nrvls4Qqv5Rfa2UhqmO,0.737,0.846,1,-4.51,0,0.22,0.00614,0.0,0.0486,0.546,87.981,audio_features,0e8nrvls4Qqv5Rfa2UhqmO,spotify:track:0e8nrvls4Qqv5Rfa2UhqmO,https://api.spotify.com/v1/tracks/0e8nrvls4Qqv5Rfa2UhqmO,https://api.spotify.com/v1/audio-analysis/0e8nrvls4Qqv5Rfa2UhqmO,143901,4
BEEN A WHILE...,26,ARIIZ,BEEN A WHILE...,75000,spotify:track:74qrDuyYhys8y8xZdA3a4Q,0.506,0.64,9,-8.537,0,0.159,0.619,1.5e-06,0.0933,0.469,135.609,audio_features,74qrDuyYhys8y8xZdA3a4Q,spotify:track:74qrDuyYhys8y8xZdA3a4Q,https://api.spotify.com/v1/tracks/74qrDuyYhys8y8xZdA3a4Q,https://api.spotify.com/v1/audio-analysis/74qrDuyYhys8y8xZdA3a4Q,75000,5
Cool for the Summer - Sped Up (Nightcore),71,Demi Lovato,Cool for the Summer [Sped Up (Nightcore)],191912,spotify:track:4FYWOYqOF9lbb1JcZFDT67,0.561,0.599,2,-8.209,0,0.0749,0.00751,0.000701,0.316,0.264,125.874,audio_features,4FYWOYqOF9lbb1JcZFDT67,spotify:track:4FYWOYqOF9lbb1JcZFDT67,https://api.spotify.com/v1/tracks/4FYWOYqOF9lbb1JcZFDT67,https://api.spotify.com/v1/audio-analysis/4FYWOYqOF9lbb1JcZFDT67,191913,4
Ginseng Strip 2002,2,Yung Lean,Lavender,153999,spotify:track:79nEEoEPY2w8EXj9hjn5oc,0.601,0.712,1,-9.433,1,0.0431,0.0848,0.0,0.479,0.386,114.998,audio_features,79nEEoEPY2w8EXj9hjn5oc,spotify:track:79nEEoEPY2w8EXj9hjn5oc,https://api.spotify.com/v1/tracks/79nEEoEPY2w8EXj9hjn5oc,https://api.spotify.com/v1/audio-analysis/79nEEoEPY2w8EXj9hjn5oc,154000,4
FTP,39,Ama Millieir,FTP,148239,spotify:track:6MxuCcJaEMI218d9ltx7sN,0.486,0.641,4,-7.852,0,0.225,0.229,3.23e-06,0.113,0.425,81.286,audio_features,6MxuCcJaEMI218d9ltx7sN,spotify:track:6MxuCcJaEMI218d9ltx7sN,https://api.spotify.com/v1/tracks/6MxuCcJaEMI218d9ltx7sN,https://api.spotify.com/v1/audio-analysis/6MxuCcJaEMI218d9ltx7sN,148239,4
Enemy (with JID) - from the series Arcane League of Legends,83,Imagine Dragons,Enemy (with JID) [from the series Arcane League of Legends],173381,spotify:track:1r9xUipOqoNwggBpENDsvJ,0.728,0.783,11,-4.424,0,0.266,0.237,0.0,0.434,0.555,77.011,audio_features,1r9xUipOqoNwggBpENDsvJ,spotify:track:1r9xUipOqoNwggBpENDsvJ,https://api.spotify.com/v1/tracks/1r9xUipOqoNwggBpENDsvJ,https://api.spotify.com/v1/audio-analysis/1r9xUipOqoNwggBpENDsvJ,173381,4
INDUSTRY BABY (feat. Jack Harlow),84,Lil Nas X,INDUSTRY BABY (feat. Jack Harlow),212000,spotify:track:27NovPIUIRrOZoCHxABJwK,0.736,0.704,3,-7.409,0,0.0615,0.0203,0.0,0.0501,0.894,149.995,audio_features,27NovPIUIRrOZoCHxABJwK,spotify:track:27NovPIUIRrOZoCHxABJwK,https://api.spotify.com/v1/tracks/27NovPIUIRrOZoCHxABJwK,https://api.spotify.com/v1/audio-analysis/27NovPIUIRrOZoCHxABJwK,212000,4
Rich Flex,90,Drake,Her Loss,239359,spotify:track:1bDbXMyjaUIooNwFE9wn0N,0.561,0.52,11,-9.342,0,0.244,0.0503,1.86e-06,0.355,0.424,153.15,audio_features,1bDbXMyjaUIooNwFE9wn0N,spotify:track:1bDbXMyjaUIooNwFE9wn0N,https://api.spotify.com/v1/tracks/1bDbXMyjaUIooNwFE9wn0N,https://api.spotify.com/v1/audio-analysis/1bDbXMyjaUIooNwFE9wn0N,239360,3
STAY (with Justin Bieber),29,The Kid LAROI,F*CK LOVE 3: OVER YOU,141805,spotify:track:5PjdY0CKGZdEuoNab3yDmX,0.591,0.764,1,-5.484,1,0.0483,0.0383,0.0,0.103,0.478,169.928,audio_features,5PjdY0CKGZdEuoNab3yDmX,spotify:track:5PjdY0CKGZdEuoNab3yDmX,https://api.spotify.com/v1/tracks/5PjdY0CKGZdEuoNab3yDmX,https://api.spotify.com/v1/audio-analysis/5PjdY0CKGZdEuoNab3yDmX,141806,4
ViRUS,30,Deacon,A NEW EARTH,215133,spotify:track:3LOrH2ISwClqDT52R6D81F,0.669,0.615,1,-6.044,1,0.148,0.353,0.0,0.117,0.453,144.038,audio_features,3LOrH2ISwClqDT52R6D81F,spotify:track:3LOrH2ISwClqDT52R6D81F,https://api.spotify.com/v1/tracks/3LOrH2ISwClqDT52R6D81F,https://api.spotify.com/v1/audio-analysis/3LOrH2ISwClqDT52R6D81F,215133,4
TO THE MOON,74,JNR CHOI,TO THE MOON,152137,spotify:track:5vUnjhBzRJJIAOJPde6zDx,0.745,0.65,2,-11.814,1,0.346,0.0451,0.00758,0.111,0.386,144.047,audio_features,5vUnjhBzRJJIAOJPde6zDx,spotify:track:5vUnjhBzRJJIAOJPde6zDx,https://api.spotify.com/v1/tracks/5vUnjhBzRJJIAOJPde6zDx,https://api.spotify.com/v1/audio-analysis/5vUnjhBzRJJIAOJPde6zDx,152137,4
Running Up That Hill (A Deal With God),40,Kate Bush,Hounds Of Love,298933,spotify:track:75FEaRjZTKLhTrFGsfMUXR,0.629,0.547,10,-13.123,0,0.055,0.72,0.00314,0.0604,0.197,108.375,audio_features,75FEaRjZTKLhTrFGsfMUXR,spotify:track:75FEaRjZTKLhTrFGsfMUXR,https://api.spotify.com/v1/tracks/75FEaRjZTKLhTrFGsfMUXR,https://api.spotify.com/v1/audio-analysis/75FEaRjZTKLhTrFGsfMUXR,298933,4
Forever,75,Labrinth,Euphoria (Original Score from the HBO Series),202536,spotify:track:6potEImiklXkwD9qFzpu15,0.563,0.459,4,-7.781,0,0.0292,0.92,0.724,0.11,0.197,79.983,audio_features,6potEImiklXkwD9qFzpu15,spotify:track:6potEImiklXkwD9qFzpu15,https://api.spotify.com/v1/tracks/6potEImiklXkwD9qFzpu15,https://api.spotify.com/v1/audio-analysis/6potEImiklXkwD9qFzpu15,202536,4
Love to Hate,39,Sumner Stroh,Love to Hate,195483,spotify:track:2e8T2mqDXpqc8X1PUr6TCR,0.753,0.437,7,-7.603,1,0.055,0.00188,6.75e-05,0.711,0.526,123.979,audio_features,2e8T2mqDXpqc8X1PUr6TCR,spotify:track:2e8T2mqDXpqc8X1PUr6TCR,https://api.spotify.com/v1/tracks/2e8T2mqDXpqc8X1PUr6TCR,https://api.spotify.com/v1/audio-analysis/2e8T2mqDXpqc8X1PUr6TCR,195484,4
Them Changes - Sped Up,69,Thundercat,Them Changes (Sped Up),135115,spotify:track:6pod2VRHVTven17Da0uZHi,0.815,0.658,2,-7.811,1,0.0464,0.557,0.322,0.114,0.871,114.326,audio_features,6pod2VRHVTven17Da0uZHi,spotify:track:6pod2VRHVTven17Da0uZHi,https://api.spotify.com/v1/tracks/6pod2VRHVTven17Da0uZHi,https://api.spotify.com/v1/audio-analysis/6pod2VRHVTven17Da0uZHi,135116,4
Players,88,Coi Leray,Players,139560,spotify:track:6UN73IYd0hZxLi8wFPMQij,0.954,0.516,6,-5.817,1,0.16,0.03,7.54e-06,0.0504,0.624,105.001,audio_features,6UN73IYd0hZxLi8wFPMQij,spotify:track:6UN73IYd0hZxLi8wFPMQij,https://api.spotify.com/v1/tracks/6UN73IYd0hZxLi8wFPMQij,https://api.spotify.com/v1/audio-analysis/6UN73IYd0hZxLi8wFPMQij,139560,4
Say It Right,39,Aux Control,Say It Right,187619,spotify:track:4aFbOpAANnsX2QXes3CrG2,0.767,0.82,7,-6.47,0,0.0398,0.00308,0.0,0.0854,0.226,125.991,audio_features,4aFbOpAANnsX2QXes3CrG2,spotify:track:4aFbOpAANnsX2QXes3CrG2,https://api.spotify.com/v1/tracks/4aFbOpAANnsX2QXes3CrG2,https://api.spotify.com/v1/audio-analysis/4aFbOpAANnsX2QXes3CrG2,187619,4
Nothing,6,Bruno Major,To Let A Good Thing Die,162797,spotify:track:2IAR0DziHCjSu16gR4ihvy,0.555,0.27,2,-15.892,1,0.0884,0.931,0.536,0.103,0.274,139.691,audio_features,2IAR0DziHCjSu16gR4ihvy,spotify:track:2IAR0DziHCjSu16gR4ihvy,https://api.spotify.com/v1/tracks/2IAR0DziHCjSu16gR4ihvy,https://api.spotify.com/v1/audio-analysis/2IAR0DziHCjSu16gR4ihvy,162797,3
Detox,68,Lil Baby,Detox,161636,spotify:track:7fSM2taFBEB1WNZl8AOIoo,0.845,0.503,1,-7.021,1,0.334,0.027,0.0,0.116,0.416,147.031,audio_features,7fSM2taFBEB1WNZl8AOIoo,spotify:track:7fSM2taFBEB1WNZl8AOIoo,https://api.spotify.com/v1/tracks/7fSM2taFBEB1WNZl8AOIoo,https://api.spotify.com/v1/audio-analysis/7fSM2taFBEB1WNZl8AOIoo,161637,4
Litter Me,48,Teemanay,Litter Me,152887,spotify:track:59cOY76a8mIcVVQ3BiGqzi,0.766,0.693,2,-7.606,1,0.082,0.0981,0.011,0.0861,0.36,100.03,audio_features,59cOY76a8mIcVVQ3BiGqzi,spotify:track:59cOY76a8mIcVVQ3BiGqzi,https://api.spotify.com/v1/tracks/59cOY76a8mIcVVQ3BiGqzi,https://api.spotify.com/v1/audio-analysis/59cOY76a8mIcVVQ3BiGqzi,152887,4
Those Eyes,91,New West,Those Eyes,220750,spotify:track:50x1Ic8CaXkYNvjmxe3WXy,0.593,0.352,4,-8.296,1,0.0284,0.695,2.22e-05,0.3,0.226,119.988,audio_features,50x1Ic8CaXkYNvjmxe3WXy,spotify:track:50x1Ic8CaXkYNvjmxe3WXy,https://api.spotify.com/v1/tracks/50x1Ic8CaXkYNvjmxe3WXy,https://api.spotify.com/v1/audio-analysis/50x1Ic8CaXkYNvjmxe3WXy,220750,3
Meet Me At Our Spot - Live,65,THE ANXIETY,Meet Me At Our Spot (Live),147828,spotify:track:3BrWLBC4WYx393yRUOlTih,0.694,0.475,2,-7.035,1,0.0345,0.159,3.9e-06,0.103,0.391,94.987,audio_features,3BrWLBC4WYx393yRUOlTih,spotify:track:3BrWLBC4WYx393yRUOlTih,https://api.spotify.com/v1/tracks/3BrWLBC4WYx393yRUOlTih,https://api.spotify.com/v1/audio-analysis/3BrWLBC4WYx393yRUOlTih,147829,4
SAD GIRLZ LUV MONEY Remix (feat. Kali Uchis and Moliy),0,Amaarae,SAD GIRLZ LUV MONEY Remix (feat. Kali Uchis and Moliy),204763,spotify:track:15HMh4yxdf4wyxSZSlOgGZ,0.859,0.525,1,-8.051,0,0.0592,0.434,2.34e-05,0.108,0.312,110.066,audio_features,15HMh4yxdf4wyxSZSlOgGZ,spotify:track:15HMh4yxdf4wyxSZSlOgGZ,https://api.spotify.com/v1/tracks/15HMh4yxdf4wyxSZSlOgGZ,https://api.spotify.com/v1/audio-analysis/15HMh4yxdf4wyxSZSlOgGZ,204764,4
Space Song,80,Beach House,Depression Cherry,320466,spotify:track:1ZgMsA55GIY7ICkQh5MILA,0.507,0.79,0,-7.307,0,0.0294,0.233,0.139,0.145,0.6,147.065,audio_features,1ZgMsA55GIY7ICkQh5MILA,spotify:track:1ZgMsA55GIY7ICkQh5MILA,https://api.spotify.com/v1/tracks/1ZgMsA55GIY7ICkQh5MILA,https://api.spotify.com/v1/audio-analysis/1ZgMsA55GIY7ICkQh5MILA,320467,4
love nwantiti (ah ah ah),84,CKay,CKay The First,145800,spotify:track:2Xr1dTzJee307rmrkt8c0g,0.727,0.739,8,-3.805,1,0.0411,0.365,0.00137,0.161,0.533,93.005,audio_features,2Xr1dTzJee307rmrkt8c0g,spotify:track:2Xr1dTzJee307rmrkt8c0g,https://api.spotify.com/v1/tracks/2Xr1dTzJee307rmrkt8c0g,https://api.spotify.com/v1/audio-analysis/2Xr1dTzJee307rmrkt8c0g,145800,4
Tek It,79,Cafuné,Running,191823,spotify:track:751srcHf5tUqcEa9pRCQwP,0.423,0.913,8,-5.354,1,0.0655,6.53e-05,0.0,0.269,0.596,146.995,audio_features,751srcHf5tUqcEa9pRCQwP,spotify:track:751srcHf5tUqcEa9pRCQwP,https://api.spotify.com/v1/tracks/751srcHf5tUqcEa9pRCQwP,https://api.spotify.com/v1/audio-analysis/751srcHf5tUqcEa9pRCQwP,191823,4
Mood (feat. iann dior),6,24kGoldn,Mood (feat. iann dior),140525,spotify:track:3tjFYV6RSFtuktYl3ZtYcq,0.7,0.722,7,-3.558,0,0.0369,0.221,0.0,0.272,0.756,90.989,audio_features,3tjFYV6RSFtuktYl3ZtYcq,spotify:track:3tjFYV6RSFtuktYl3ZtYcq,https://api.spotify.com/v1/tracks/3tjFYV6RSFtuktYl3ZtYcq,https://api.spotify.com/v1/audio-analysis/3tjFYV6RSFtuktYl3ZtYcq,140526,4
L$d,62,Luclover,Deaf 2 Society,103440,spotify:track:6f7jHMkHBJ9HVat7wjfkOr,0.863,0.348,3,-17.432,0,0.515,0.144,0.0,0.11,0.899,130.117,audio_features,6f7jHMkHBJ9HVat7wjfkOr,spotify:track:6f7jHMkHBJ9HVat7wjfkOr,https://api.spotify.com/v1/tracks/6f7jHMkHBJ9HVat7wjfkOr,https://api.spotify.com/v1/audio-analysis/6f7jHMkHBJ9HVat7wjfkOr,103440,4
Running Away,39,VANO 3000,Running Away,111786,spotify:track:2lDODk7inZnmUHbIjUnIwP,0.58,0.696,7,-10.91,1,0.0408,0.66,0.852,0.145,0.721,93.688,audio_features,2lDODk7inZnmUHbIjUnIwP,spotify:track:2lDODk7inZnmUHbIjUnIwP,https://api.spotify.com/v1/tracks/2lDODk7inZnmUHbIjUnIwP,https://api.spotify.com/v1/audio-analysis/2lDODk7inZnmUHbIjUnIwP,111787,4
Recents,28,Sodieboy,Recents,179354,spotify:track:3XWbZcpUQx0kWvDyBwPsEv,0.764,0.648,10,-4.258,0,0.182,0.00247,0.0,0.139,0.474,92.934,audio_features,3XWbZcpUQx0kWvDyBwPsEv,spotify:track:3XWbZcpUQx0kWvDyBwPsEv,https://api.spotify.com/v1/tracks/3XWbZcpUQx0kWvDyBwPsEv,https://api.spotify.com/v1/audio-analysis/3XWbZcpUQx0kWvDyBwPsEv,179355,4
Supalonely,73,BENEE,STELLA & STEVE,223480,spotify:track:4nK5YrxbMGZstTLbvj6Gxw,0.863,0.631,7,-4.689,1,0.0534,0.305,3.04e-05,0.123,0.817,128.977,audio_features,4nK5YrxbMGZstTLbvj6Gxw,spotify:track:4nK5YrxbMGZstTLbvj6Gxw,https://api.spotify.com/v1/tracks/4nK5YrxbMGZstTLbvj6Gxw,https://api.spotify.com/v1/audio-analysis/4nK5YrxbMGZstTLbvj6Gxw,223480,4
Thinking with My Dick (feat. Juicy J),70,Kevin Gates,Stranger Than Fiction,165314,spotify:track:1ojBtNRMzjL7ptLPZCzfRz,0.77,0.699,0,-6.59,1,0.199,0.0596,1.65e-05,0.17,0.696,81.003,audio_features,1ojBtNRMzjL7ptLPZCzfRz,spotify:track:1ojBtNRMzjL7ptLPZCzfRz,https://api.spotify.com/v1/tracks/1ojBtNRMzjL7ptLPZCzfRz,https://api.spotify.com/v1/audio-analysis/1ojBtNRMzjL7ptLPZCzfRz,165315,4
Woman,88,Doja Cat,Planet Her,172626,spotify:track:6Uj1ctrBOjOas8xZXGqKk4,0.824,0.764,5,-4.175,0,0.0854,0.0888,0.00294,0.117,0.881,107.998,audio_features,6Uj1ctrBOjOas8xZXGqKk4,spotify:track:6Uj1ctrBOjOas8xZXGqKk4,https://api.spotify.com/v1/tracks/6Uj1ctrBOjOas8xZXGqKk4,https://api.spotify.com/v1/audio-analysis/6Uj1ctrBOjOas8xZXGqKk4,172627,4
I Like You (A Happier Song) (with Doja Cat),88,Post Malone,Twelve Carat Toothache,192840,spotify:track:0O6u0VJ46W86TxN9wgyqDj,0.733,0.67,5,-6.009,1,0.0751,0.121,0.0,0.121,0.472,100.964,audio_features,0O6u0VJ46W86TxN9wgyqDj,spotify:track:0O6u0VJ46W86TxN9wgyqDj,https://api.spotify.com/v1/tracks/0O6u0VJ46W86TxN9wgyqDj,https://api.spotify.com/v1/audio-analysis/0O6u0VJ46W86TxN9wgyqDj,192841,4
I Was Never There,89,The Weeknd,"My Dear Melancholy,",241066,spotify:track:1cKHdTo9u0ZymJdPGSh6nq,0.323,0.737,10,-4.008,1,0.0338,0.142,0.000162,0.163,0.155,113.26,audio_features,1cKHdTo9u0ZymJdPGSh6nq,spotify:track:1cKHdTo9u0ZymJdPGSh6nq,https://api.spotify.com/v1/tracks/1cKHdTo9u0ZymJdPGSh6nq,https://api.spotify.com/v1/audio-analysis/1cKHdTo9u0ZymJdPGSh6nq,241067,4
SNAP,22,Rosa Linn,SNAP,179551,spotify:track:0QPRDC97rIQB3Jh3hrVJoH,0.563,0.639,0,-8.205,1,0.0684,0.107,1.06e-05,0.446,0.518,169.985,audio_features,0QPRDC97rIQB3Jh3hrVJoH,spotify:track:0QPRDC97rIQB3Jh3hrVJoH,https://api.spotify.com/v1/tracks/0QPRDC97rIQB3Jh3hrVJoH,https://api.spotify.com/v1/audio-analysis/0QPRDC97rIQB3Jh3hrVJoH,179551,4
Wait a Minute!,83,WILLOW,ARDIPITHECUS,196520,spotify:track:0y60itmpH0aPKsFiGxmtnh,0.764,0.705,3,-5.279,0,0.0278,0.0371,1.94e-05,0.0943,0.672,101.003,audio_features,0y60itmpH0aPKsFiGxmtnh,spotify:track:0y60itmpH0aPKsFiGxmtnh,https://api.spotify.com/v1/tracks/0y60itmpH0aPKsFiGxmtnh,https://api.spotify.com/v1/audio-analysis/0y60itmpH0aPKsFiGxmtnh,196520,4
Electric Love,84,BØRNS,Dopamine,218106,spotify:track:2GiJYvgVaD2HtM8GqD9EgQ,0.611,0.797,6,-7.627,0,0.0533,0.00543,0.00137,0.26,0.518,120.041,audio_features,2GiJYvgVaD2HtM8GqD9EgQ,spotify:track:2GiJYvgVaD2HtM8GqD9EgQ,https://api.spotify.com/v1/tracks/2GiJYvgVaD2HtM8GqD9EgQ,https://api.spotify.com/v1/audio-analysis/2GiJYvgVaD2HtM8GqD9EgQ,218107,4
Just A Cloud Away,69,Pharrell Williams,Just A Cloud Away,176078,spotify:track:0DGTcMqvVR7fmBXgiG6jz4,0.89,0.46,2,-8.155,1,0.0359,0.432,0.0,0.11,0.677,112.555,audio_features,0DGTcMqvVR7fmBXgiG6jz4,spotify:track:0DGTcMqvVR7fmBXgiG6jz4,https://api.spotify.com/v1/tracks/0DGTcMqvVR7fmBXgiG6jz4,https://api.spotify.com/v1/audio-analysis/0DGTcMqvVR7fmBXgiG6jz4,176078,3
Suv,19,Eullie Dely,Suv,193846,spotify:track:6nsCeqaOCVkJCHwAI7SUZF,0.791,0.655,8,-6.061,1,0.0816,0.0489,0.0,0.328,0.34,103.945,audio_features,6nsCeqaOCVkJCHwAI7SUZF,spotify:track:6nsCeqaOCVkJCHwAI7SUZF,https://api.spotify.com/v1/tracks/6nsCeqaOCVkJCHwAI7SUZF,https://api.spotify.com/v1/audio-analysis/6nsCeqaOCVkJCHwAI7SUZF,193846,4
Light Switch,69,Charlie Puth,Light Switch (Instrumental),187703,spotify:track:3AVXwaOGCEL8cmBecfcsFJ,0.69,0.626,6,-5.693,1,0.306,0.105,0.000335,0.0881,0.912,184.009,audio_features,3AVXwaOGCEL8cmBecfcsFJ,spotify:track:3AVXwaOGCEL8cmBecfcsFJ,https://api.spotify.com/v1/tracks/3AVXwaOGCEL8cmBecfcsFJ,https://api.spotify.com/v1/audio-analysis/3AVXwaOGCEL8cmBecfcsFJ,185681,4
Only Love Can Hurt Like This - Sped Up Version,67,Paloma Faith,Only Love Can Hurt Like This (Sped Up Version),165686,spotify:track:6SCJiS8fAWC5VzRpMEiHxV,0.668,0.982,9,-4.754,1,0.0911,0.152,0.00613,0.0784,0.691,127.504,audio_features,6SCJiS8fAWC5VzRpMEiHxV,spotify:track:6SCJiS8fAWC5VzRpMEiHxV,https://api.spotify.com/v1/tracks/6SCJiS8fAWC5VzRpMEiHxV,https://api.spotify.com/v1/audio-analysis/6SCJiS8fAWC5VzRpMEiHxV,165686,4
When I R.I.P.,73,Labrinth,Euphoria (Original Score from the HBO Series),174567,spotify:track:2t16D9V5FmmRAJjsSpwvZf,0.417,0.551,8,-6.456,0,0.174,0.73,0.00166,0.0907,0.444,87.614,audio_features,2t16D9V5FmmRAJjsSpwvZf,spotify:track:2t16D9V5FmmRAJjsSpwvZf,https://api.spotify.com/v1/tracks/2t16D9V5FmmRAJjsSpwvZf,https://api.spotify.com/v1/audio-analysis/2t16D9V5FmmRAJjsSpwvZf,174568,4
Lost in the Fire (feat. The Weeknd),86,Gesaffelstein,Hyperion,202093,spotify:track:2vXKRlJBXyOcvZYTdNeckS,0.658,0.671,2,-12.21,1,0.0363,0.0933,0.000927,0.115,0.166,100.966,audio_features,2vXKRlJBXyOcvZYTdNeckS,spotify:track:2vXKRlJBXyOcvZYTdNeckS,https://api.spotify.com/v1/tracks/2vXKRlJBXyOcvZYTdNeckS,https://api.spotify.com/v1/audio-analysis/2vXKRlJBXyOcvZYTdNeckS,202093,4
Jiggle Jiggle,70,Duke & Jones,Jiggle Jiggle,97208,spotify:track:1I4lCSP69P74nU3a6Su5L2,0.864,0.412,1,-5.886,1,0.273,0.458,0.00087,0.124,0.654,99.992,audio_features,1I4lCSP69P74nU3a6Su5L2,spotify:track:1I4lCSP69P74nU3a6Su5L2,https://api.spotify.com/v1/tracks/1I4lCSP69P74nU3a6Su5L2,https://api.spotify.com/v1/audio-analysis/1I4lCSP69P74nU3a6Su5L2,97209,4
MONTERO (Call Me By Your Name),83,Lil Nas X,MONTERO,137704,spotify:track:1SC5rEoYDGUK4NfG82494W,0.593,0.503,8,-6.725,0,0.22,0.293,0.0,0.405,0.71,178.781,audio_features,1SC5rEoYDGUK4NfG82494W,spotify:track:1SC5rEoYDGUK4NfG82494W,https://api.spotify.com/v1/tracks/1SC5rEoYDGUK4NfG82494W,https://api.spotify.com/v1/audio-analysis/1SC5rEoYDGUK4NfG82494W,137704,4
Why'd You Only Call Me When You're High?,2,Arctic Monkeys,AM,161123,spotify:track:48q0vSHcJdhK3IiXH8C5WJ,0.691,0.631,2,-6.478,1,0.0368,0.0483,1.13e-05,0.104,0.8,92.004,audio_features,48q0vSHcJdhK3IiXH8C5WJ,spotify:track:48q0vSHcJdhK3IiXH8C5WJ,https://api.spotify.com/v1/tracks/48q0vSHcJdhK3IiXH8C5WJ,https://api.spotify.com/v1/audio-analysis/48q0vSHcJdhK3IiXH8C5WJ,161124,4
Pope Is a Rockstar,72,SALES,SALES LP,187333,spotify:track:0So2sgVa8aJiARPl2P29u2,0.725,0.446,4,-8.958,0,0.0287,0.85,0.243,0.107,0.311,90.024,audio_features,0So2sgVa8aJiARPl2P29u2,spotify:track:0So2sgVa8aJiARPl2P29u2,https://api.spotify.com/v1/tracks/0So2sgVa8aJiARPl2P29u2,https://api.spotify.com/v1/audio-analysis/0So2sgVa8aJiARPl2P29u2,187333,4
Boyfriend,84,Dove Cameron,Boyfriend,153000,spotify:track:59CfNbkERJ3NoTXDvoURjj,0.345,0.612,7,-6.543,0,0.0608,0.232,0.0,0.194,0.232,179.773,audio_features,59CfNbkERJ3NoTXDvoURjj,spotify:track:59CfNbkERJ3NoTXDvoURjj,https://api.spotify.com/v1/tracks/59CfNbkERJ3NoTXDvoURjj,https://api.spotify.com/v1/audio-analysis/59CfNbkERJ3NoTXDvoURjj,153000,3
IRRESPONSIBLE,22,hix,THE OUTSIDER,147199,spotify:track:46y6euwjpsU9m0hCqOxYDe,0.637,0.704,0,-8.14,1,0.0446,0.00193,2.13e-05,0.358,0.343,124.851,audio_features,46y6euwjpsU9m0hCqOxYDe,spotify:track:46y6euwjpsU9m0hCqOxYDe,https://api.spotify.com/v1/tracks/46y6euwjpsU9m0hCqOxYDe,https://api.spotify.com/v1/audio-analysis/46y6euwjpsU9m0hCqOxYDe,147200,5
this is what falling in love feels like,7,JVKE,this is what falling in love feels like,120308,spotify:track:4UG2Fm0E98LhE2dlNxiAXx,0.424,0.438,11,-5.53,1,0.0553,0.617,0.0,0.0837,0.325,128.983,audio_features,4UG2Fm0E98LhE2dlNxiAXx,spotify:track:4UG2Fm0E98LhE2dlNxiAXx,https://api.spotify.com/v1/tracks/4UG2Fm0E98LhE2dlNxiAXx,https://api.spotify.com/v1/audio-analysis/4UG2Fm0E98LhE2dlNxiAXx,120308,5
Afraid To Feel,83,LF SYSTEM,Afraid To Feel,177524,spotify:track:40SBS57su9xLiE1WqkXOVr,0.578,0.912,1,-3.929,1,0.114,0.0166,0.00362,0.273,0.68,127.87,audio_features,40SBS57su9xLiE1WqkXOVr,spotify:track:40SBS57su9xLiE1WqkXOVr,https://api.spotify.com/v1/tracks/40SBS57su9xLiE1WqkXOVr,https://api.spotify.com/v1/audio-analysis/40SBS57su9xLiE1WqkXOVr,177525,4
Until I Found You,86,Stephen Sanchez,Until I Found You,177720,spotify:track:0T5iIrXA4p5GsubkhuBIKV,0.539,0.508,10,-6.05,1,0.0288,0.727,0.0,0.174,0.227,101.358,audio_features,0T5iIrXA4p5GsubkhuBIKV,spotify:track:0T5iIrXA4p5GsubkhuBIKV,https://api.spotify.com/v1/tracks/0T5iIrXA4p5GsubkhuBIKV,https://api.spotify.com/v1/audio-analysis/0T5iIrXA4p5GsubkhuBIKV,177720,3
First Class,26,Jack Harlow,First Class,173947,spotify:track:1rDQ4oMwGJI7B4tovsBOxc,0.905,0.563,8,-6.135,1,0.102,0.0254,9.71e-06,0.113,0.324,106.998,audio_features,1rDQ4oMwGJI7B4tovsBOxc,spotify:track:1rDQ4oMwGJI7B4tovsBOxc,https://api.spotify.com/v1/tracks/1rDQ4oMwGJI7B4tovsBOxc,https://api.spotify.com/v1/audio-analysis/1rDQ4oMwGJI7B4tovsBOxc,173948,4
Toxic Pony,70,ALTÉGO,Toxic Pony,198041,spotify:track:6QHXcb0eFwOKZOZ9bOFmxm,0.775,0.652,0,-9.906,1,0.152,0.00757,0.000598,0.105,0.922,143.08,audio_features,6QHXcb0eFwOKZOZ9bOFmxm,spotify:track:6QHXcb0eFwOKZOZ9bOFmxm,https://api.spotify.com/v1/tracks/6QHXcb0eFwOKZOZ9bOFmxm,https://api.spotify.com/v1/audio-analysis/6QHXcb0eFwOKZOZ9bOFmxm,198042,4
Love You So,0,The King Khan & BBQ Show,The King Khan & BBQ Show,225240,spotify:track:4msYRkezQgynuZNubvVbHk,0.389,0.896,5,-2.622,1,0.0599,0.79,0.00436,0.501,0.653,115.143,audio_features,4msYRkezQgynuZNubvVbHk,spotify:track:4msYRkezQgynuZNubvVbHk,https://api.spotify.com/v1/tracks/4msYRkezQgynuZNubvVbHk,https://api.spotify.com/v1/audio-analysis/4msYRkezQgynuZNubvVbHk,225240,4
Left and Right (Feat. Jung Kook of BTS),86,Charlie Puth,Left and Right (Feat. Jung Kook of BTS),154486,spotify:track:0mBP9X2gPCuapvpZ7TGDk3,0.881,0.592,2,-4.898,1,0.0324,0.619,1.32e-05,0.0901,0.719,101.058,audio_features,0mBP9X2gPCuapvpZ7TGDk3,spotify:track:0mBP9X2gPCuapvpZ7TGDk3,https://api.spotify.com/v1/tracks/0mBP9X2gPCuapvpZ7TGDk3,https://api.spotify.com/v1/audio-analysis/0mBP9X2gPCuapvpZ7TGDk3,154487,4
Lights - Sped Up Version,76,Ellie Goulding,Lights (Sped Up Version),190053,spotify:track:4TZ2Ub8bZh4LTs06eANDXa,0.653,0.836,10,-5.626,0,0.0457,0.0452,0.299,0.1,0.804,133.182,audio_features,4TZ2Ub8bZh4LTs06eANDXa,spotify:track:4TZ2Ub8bZh4LTs06eANDXa,https://api.spotify.com/v1/tracks/4TZ2Ub8bZh4LTs06eANDXa,https://api.spotify.com/v1/audio-analysis/4TZ2Ub8bZh4LTs06eANDXa,190054,4
"...And to Those I Love, Thanks for Sticking Around",82,$uicideboy$,Stop Staring At the Shadows,168489,spotify:track:30QR0ndUdiiMQMA9g1PGCm,0.792,0.511,2,-6.876,1,0.0409,0.124,9.04e-05,0.14,0.111,113.983,audio_features,30QR0ndUdiiMQMA9g1PGCm,spotify:track:30QR0ndUdiiMQMA9g1PGCm,https://api.spotify.com/v1/tracks/30QR0ndUdiiMQMA9g1PGCm,https://api.spotify.com/v1/audio-analysis/30QR0ndUdiiMQMA9g1PGCm,168490,4
Lost,2,Frank Ocean,channel ORANGE (Explicit Version),234093,spotify:track:4L7jMAP8UcIe309yQmkdcO,0.913,0.603,8,-4.892,1,0.226,0.0272,0.000503,0.167,0.497,123.061,audio_features,4L7jMAP8UcIe309yQmkdcO,spotify:track:4L7jMAP8UcIe309yQmkdcO,https://api.spotify.com/v1/tracks/4L7jMAP8UcIe309yQmkdcO,https://api.spotify.com/v1/audio-analysis/4L7jMAP8UcIe309yQmkdcO,234093,4
