track_name,track_pop,artist,artist_pop,album,length,track_uri,danceability,energy,key,loudness,mode,speechiness,acousticness,instrumentalness,liveness,valence,tempo,type,id,uri,track_href,analysis_url,duration_ms,time_signature,rank,song_name,artist_name,total_likes_count,number_of_videos,number_of_videos_last_14days,youtube_platform_id,spotify_platform_id,tiktok_platform_id,itunes_platform_id,itunes_album_platform_id,song_guid
loving u is harder,68,SEB,57,loving u is harder,147426,spotify:track:3zyzC28g7uU4YfWN840ciZ,0.696,0.809,8,-6.622,0,0.0473,0.61,0.00924,0.177,0.738,80.039,audio_features,3zyzC28g7uU4YfWN840ciZ,spotify:track:3zyzC28g7uU4YfWN840ciZ,https://api.spotify.com/v1/tracks/3zyzC28g7uU4YfWN840ciZ,https://api.spotify.com/v1/audio-analysis/3zyzC28g7uU4YfWN840ciZ,147427,4,3002,SEB - loving u is harder (Official Music Video),loving ufo,9830536,308900,-150,VYkGccD_fr4,3zyzC28g7uU4YfWN840ciZ,6901858352402385666,1649819977,1649819976,gCBhbFbg8Bjy
Obsessed With You,77,Central Cee,82,23,108650,spotify:track:4oxGI8yyghLuMV7ybRG3kg,0.746,0.825,3,-4.457,1,0.0435,0.192,0.0,0.365,0.904,143.062,audio_features,4oxGI8yyghLuMV7ybRG3kg,spotify:track:4oxGI8yyghLuMV7ybRG3kg,https://api.spotify.com/v1/tracks/4oxGI8yyghLuMV7ybRG3kg,https://api.spotify.com/v1/audio-analysis/4oxGI8yyghLuMV7ybRG3kg,108651,4,3003,Central Cee - Obsessed With You (Official Video),CentralCee,96573427,308680,180,oP7KHC129RQ,4oxGI8yyghLuMV7ybRG3kg,6997136798090528770,1584859473,1584859463,6LRtuClo6JTL
Gimme Love,63,Joji,79,Gimme Love,214557,spotify:track:2hfoyc7ve6xM4ZEiNIiU1B,0.482,0.631,5,-6.917,1,0.0986,0.696,0.0242,0.209,0.0743,126.576,audio_features,2hfoyc7ve6xM4ZEiNIiU1B,spotify:track:2hfoyc7ve6xM4ZEiNIiU1B,https://api.spotify.com/v1/tracks/2hfoyc7ve6xM4ZEiNIiU1B,https://api.spotify.com/v1/audio-analysis/2hfoyc7ve6xM4ZEiNIiU1B,214558,3,3005,Joji - Gimme Love (Official Video),Joji,175230333,308300,-1277,jPan651rVMs,2hfoyc7ve6xM4ZEiNIiU1B,6815211175517620225,1506573957,1506573949,RsgfaU5dd3nx
The Feels,56,TWICE,79,The Feels,198053,spotify:track:6pgqZ7Iw4LfHlfgWWaRFSY,0.808,0.903,9,-2.179,1,0.0729,0.0899,0.0,0.0816,0.922,120.044,audio_features,6pgqZ7Iw4LfHlfgWWaRFSY,spotify:track:6pgqZ7Iw4LfHlfgWWaRFSY,https://api.spotify.com/v1/tracks/6pgqZ7Iw4LfHlfgWWaRFSY,https://api.spotify.com/v1/audio-analysis/6pgqZ7Iw4LfHlfgWWaRFSY,198053,4,3007,"TWICE ""The Feels"" M/V",TWICE,255688715,308100,556,f5_wn8mexmM,6pgqZ7Iw4LfHlfgWWaRFSY,7013057561242896386,1584128934,1584128932,3O1wV33dX2bx
pogo rmx,0,BABRETIONWORLD MUSIC,13,BabretionWorld Beat 8,205453,spotify:track:57fbk0NZ6nwqNGIaNXy3Sm,0.559,0.718,10,-13.227,0,0.0629,0.00411,0.415,0.0809,0.957,113.299,audio_features,57fbk0NZ6nwqNGIaNXy3Sm,spotify:track:57fbk0NZ6nwqNGIaNXy3Sm,https://api.spotify.com/v1/tracks/57fbk0NZ6nwqNGIaNXy3Sm,https://api.spotify.com/v1/audio-analysis/57fbk0NZ6nwqNGIaNXy3Sm,205453,5,3008,original sound - üåà POGOüåà,üåà POGOüåà,12962216,308100,0,,57fbk0NZ6nwqNGIaNXy3Sm,6791834643709610754,,,CTVXVOvmCzFO
Rolex,70,Ayo & Teo,54,Rolex,238586,spotify:track:0pSBuHjILhNEo55xK1zrRt,0.804,0.886,1,-2.512,1,0.04,0.0837,0.0,0.266,0.789,144.946,audio_features,0pSBuHjILhNEo55xK1zrRt,spotify:track:0pSBuHjILhNEo55xK1zrRt,https://api.spotify.com/v1/tracks/0pSBuHjILhNEo55xK1zrRt,https://api.spotify.com/v1/audio-analysis/0pSBuHjILhNEo55xK1zrRt,238587,4,3011,Ayo & Teo - Rolex (Official Video),Ayo & Teo,6167276,307864,-197,lwk5OUII9Vc,0pSBuHjILhNEo55xK1zrRt,222156443209080832,1215753230,1215753014,WC2FoY6AC2KZ
Kraazy,63,Likybo,41,Million Dollar Mindset,151578,spotify:track:3s2Qd1rsWqbvOoxpFTRp8D,0.689,0.701,6,-9.477,0,0.237,0.314,0.0,0.123,0.37,94.982,audio_features,3s2Qd1rsWqbvOoxpFTRp8D,spotify:track:3s2Qd1rsWqbvOoxpFTRp8D,https://api.spotify.com/v1/tracks/3s2Qd1rsWqbvOoxpFTRp8D,https://api.spotify.com/v1/audio-analysis/3s2Qd1rsWqbvOoxpFTRp8D,151579,4,3012,Likybo - Kraazy (Official Video),Likybo,134429154,307800,-1460,_D1wH2kzFws,3s2Qd1rsWqbvOoxpFTRp8D,6755628946395498498,1256204488,1256204218,DOygaPLtBm5Q
Gentle Rain Fall,61,Rain Sounds,70,"Rain Drop Medley of Roof, Thunder, Forest, Car, and More (Loopable Audio for Insomnia, Meditation, and Restless Children)",68011,spotify:track:14NEgZFbFI38a0TsxaKNoV,0.0822,0.814,1,-24.379,1,0.0564,4.84e-05,0.989,0.499,0.0298,173.199,audio_features,14NEgZFbFI38a0TsxaKNoV,spotify:track:14NEgZFbFI38a0TsxaKNoV,https://api.spotify.com/v1/tracks/14NEgZFbFI38a0TsxaKNoV,https://api.spotify.com/v1/audio-analysis/14NEgZFbFI38a0TsxaKNoV,68011,3,3013,Waterfall (Nature Sounds),Deep Sleep Music,13917625,307750,1700,,14NEgZFbFI38a0TsxaKNoV,6813402323063162881,,,uCxZjH2gvaIJ
Astronaut In The Ocean,0,Masked Wolf,64,Astronaut In The Ocean,132780,spotify:track:0jdso14vaFnpRazMLEZovF,0.778,0.695,4,-6.865,0,0.0913,0.174,0.0,0.151,0.472,149.996,audio_features,0jdso14vaFnpRazMLEZovF,spotify:track:0jdso14vaFnpRazMLEZovF,https://api.spotify.com/v1/tracks/0jdso14vaFnpRazMLEZovF,https://api.spotify.com/v1/audio-analysis/0jdso14vaFnpRazMLEZovF,132780,4,3014,Masked Wolf - Astronaut In The Ocean (Official Music Video),MaskedWolf,134991188,307508,-1327,MEg-oqI9qmw,0jdso14vaFnpRazMLEZovF,6782913875441371138,1547525311,1547525310,uqyl4IMJT6JV
Dance Monkey,0,Tones And I,68,Dance Monkey,209754,spotify:track:421leiR6jKlH5KDdwLYrOs,0.824,0.592,6,-6.4,0,0.0969,0.693,0.000158,0.178,0.54,98.074,audio_features,421leiR6jKlH5KDdwLYrOs,spotify:track:421leiR6jKlH5KDdwLYrOs,https://api.spotify.com/v1/tracks/421leiR6jKlH5KDdwLYrOs,https://api.spotify.com/v1/audio-analysis/421leiR6jKlH5KDdwLYrOs,209755,4,3015,TONES AND I - DANCE MONKEY (OFFICIAL VIDEO),Tones And I,28613313,307500,-850,q0hyYWKXF0Q,421leiR6jKlH5KDdwLYrOs,6746460269532200962,1475546088,1475546087,O3rBl7VkgN9D
Sesungguhnya Aku,28,Aziz Harun,37,Sesungguhnya Aku,143466,spotify:track:1jlnrYhTjkMED2fEh1sHmk,0.488,0.177,4,-10.587,1,0.0339,0.945,0.0,0.0983,0.315,132.083,audio_features,1jlnrYhTjkMED2fEh1sHmk,spotify:track:1jlnrYhTjkMED2fEh1sHmk,https://api.spotify.com/v1/tracks/1jlnrYhTjkMED2fEh1sHmk,https://api.spotify.com/v1/audio-analysis/1jlnrYhTjkMED2fEh1sHmk,143467,4,3016,original sound - Hanifah,Hanifah,18509897,307400,0,,1jlnrYhTjkMED2fEh1sHmk,6882990069263764226,,,KN7Bql0fZ2Ms
‡∏£‡∏±‡∏Å‡πÄ‡∏ò‡∏≠‡∏¢‡∏≤‡∏¢‡πÅ‡∏Å‡πà,15,BALLCHON,15,‡∏£‡∏±‡∏Å‡πÄ‡∏ò‡∏≠‡∏¢‡∏≤‡∏¢‡πÅ‡∏Å‡πà,200000,spotify:track:5WUwhWmvtYMk8h5xNz4VyO,0.714,0.629,11,-6.785,0,0.0463,0.622,0.0,0.307,0.644,94.929,audio_features,5WUwhWmvtYMk8h5xNz4VyO,spotify:track:5WUwhWmvtYMk8h5xNz4VyO,https://api.spotify.com/v1/tracks/5WUwhWmvtYMk8h5xNz4VyO,https://api.spotify.com/v1/audio-analysis/5WUwhWmvtYMk8h5xNz4VyO,200000,4,3018,‡∏£‡∏±‡∏Å‡πÄ‡∏ò‡∏≠‡∏¢‡∏≤‡∏¢‡πÅ‡∏Å‡πà (Love You My Girl) - BALLCHON & PAILIN x TikTok (Prod. by Wine Neti) | OFFICIAL MV,‡πÑ‡∏û‡∏•‡∏¥‡∏ô‡πÑ‡∏õ‡∏Å‡∏±‡πâ‡∏ô‡∏ôüíñ,25342229,307300,-574,68CIr2UH6fw,5WUwhWmvtYMk8h5xNz4VyO,7061823530832250881,,,BTPiQ6hTbOOM
Kant liyam faini zina / ŸÉÿßŸÜÿ™ ÿßŸÑŸÑŸäÿßŸÖ ŸÅÿπŸäŸÜŸä ÿ≤ŸäŸÜÿ©,19,Cheb Lahbitri,23,Fin chbabi dato el ahlam,341565,spotify:track:2rxd4UizCnerx9YP6olGFI,0.566,0.727,0,-10.514,1,0.0339,0.119,0.00382,0.268,0.872,167.353,audio_features,2rxd4UizCnerx9YP6olGFI,spotify:track:2rxd4UizCnerx9YP6olGFI,https://api.spotify.com/v1/tracks/2rxd4UizCnerx9YP6olGFI,https://api.spotify.com/v1/audio-analysis/2rxd4UizCnerx9YP6olGFI,341565,4,3019,Khentay,thelimba & Rakhim,33043425,307300,-733,,2rxd4UizCnerx9YP6olGFI,6982948238147980033,1673449156,1673449126,s6ZsVaL6ZWXN
ÁæéÂ•≥„Å®ÈáéÁç£[„ÉÅ„Çß„É¨„Çπ„Çø],25,Relaxing Œ± WAVE,45,„ÅÑ„Å£„Åó„Çá„Å´„Å≠„Çì„Å≠„ÄúËµ§„Å°„ÇÉ„Çì„Åå„Åô„ÇÑ„Åô„ÇÑÁú†„ÇãÈü≥Ê•Ω„Äú„Éá„Ç£„Ç∫„Éã„ÉºÁ∑®„Äú,234091,spotify:track:3gDzqnQPFbKWIabx2YIV1H,0.702,0.325,6,-18.049,1,0.0649,0.991,0.78,0.0803,0.848,139.898,audio_features,3gDzqnQPFbKWIabx2YIV1H,spotify:track:3gDzqnQPFbKWIabx2YIV1H,https://api.spotify.com/v1/tracks/3gDzqnQPFbKWIabx2YIV1H,https://api.spotify.com/v1/audio-analysis/3gDzqnQPFbKWIabx2YIV1H,234092,4,3020,–í–æ–ª—à–µ–±–Ω–∞—è –º—É–∑—ã–∫–∞,ÈòøÂêâÈáéÈ©¨,72506163,307200,1525,,3gDzqnQPFbKWIabx2YIV1H,6876315870457497607,,,TgzGs2BTNhRt
„Ç®„É≥„Ç∏„Çß„É´,16,„Ç∏„Çß„Ç§„ÇØ„Éª„Ç∑„Éû„Éñ„ÇØ„É≠,31,„Ç∏„Çß„É≥„Éà„É™„Éº„Éª„Ç¶„Ç£„Éº„Éó„Çπ,244013,spotify:track:1AsfyvfHnDdFbIA18Y1zIO,0.658,0.179,2,-14.73,1,0.0362,0.929,0.813,0.108,0.195,139.811,audio_features,1AsfyvfHnDdFbIA18Y1zIO,spotify:track:1AsfyvfHnDdFbIA18Y1zIO,https://api.spotify.com/v1/tracks/1AsfyvfHnDdFbIA18Y1zIO,https://api.spotify.com/v1/audio-analysis/1AsfyvfHnDdFbIA18Y1zIO,244013,4,3021,"Happy, summer, ukulele(852618)",Audiostock,169354723,307200,1100,,1AsfyvfHnDdFbIA18Y1zIO,6860547678225303554,,,AU7kjDNQwyvC
Tujhse Pyaar Karta Hoon,41,Pritam,85,"Tujhse Pyaar Karta Hoon (From ""Freddy"")",154560,spotify:track:79ZfAkBynj0BpmE6KL2geS,0.71,0.555,1,-6.638,0,0.0401,0.744,1.02e-05,0.137,0.646,124.973,audio_features,79ZfAkBynj0BpmE6KL2geS,spotify:track:79ZfAkBynj0BpmE6KL2geS,https://api.spotify.com/v1/tracks/79ZfAkBynj0BpmE6KL2geS,https://api.spotify.com/v1/audio-analysis/79ZfAkBynj0BpmE6KL2geS,154560,4,3022,"Tujhse Pyaar Karta Hoon | Freddy | Kartik Aaryan, Alaya F | Pritam | Raghav Chaitanya | Irshad Kamil",PYASS_LOTHIYA,21450116,307200,-16,Yn7RIRt33Pc,79ZfAkBynj0BpmE6KL2geS,6607982086445861637,1658110333,1658110319,7AuVbTTztkPc
Love Tonight (David Guetta Remix Edit),81,Shouse,67,Love Tonight (David Guetta Remix),158095,spotify:track:2prnn41CblB8B4yWACDljP,0.621,0.989,10,-4.225,0,0.0434,0.015,0.357,0.184,0.0348,126.002,audio_features,2prnn41CblB8B4yWACDljP,spotify:track:2prnn41CblB8B4yWACDljP,https://api.spotify.com/v1/tracks/2prnn41CblB8B4yWACDljP,https://api.spotify.com/v1/audio-analysis/2prnn41CblB8B4yWACDljP,158095,4,3023,Shouse - Love Tonight (David Guetta Remix),SHOUSE,116135611,307100,180,MveDLwDIZiI,2prnn41CblB8B4yWACDljP,6969011792140601346,1570383649,1570383648,PF8w6j7Xof2o
Meraih Bintang,49,Via Vallen,46,Meraih Bintang,183797,spotify:track:4yRiSND7cTKbivGz7wk4Hc,0.825,0.835,0,-5.584,0,0.0625,0.36,0.0,0.126,0.803,90.0,audio_features,4yRiSND7cTKbivGz7wk4Hc,spotify:track:4yRiSND7cTKbivGz7wk4Hc,https://api.spotify.com/v1/tracks/4yRiSND7cTKbivGz7wk4Hc,https://api.spotify.com/v1/audio-analysis/4yRiSND7cTKbivGz7wk4Hc,183798,4,3024,Meraih Bintang - Via Vallen - Official Theme Song Asian Games 2018,Via Vallen,3267311,307100,-74,1ak17RxcqBQ,4yRiSND7cTKbivGz7wk4Hc,6582745745349151490,1404202614,1404202609,0248aIDVq1jX
Gadis Dan Bunga,36,Rahimah Rahim,26,Suatu Memori Rahimah Rahim,205373,spotify:track:5bOJDeHAWRAO44v3dc7P7D,0.757,0.58,5,-7.882,0,0.0267,0.107,1.03e-06,0.361,0.904,129.936,audio_features,5bOJDeHAWRAO44v3dc7P7D,spotify:track:5bOJDeHAWRAO44v3dc7P7D,https://api.spotify.com/v1/tracks/5bOJDeHAWRAO44v3dc7P7D,https://api.spotify.com/v1/audio-analysis/5bOJDeHAWRAO44v3dc7P7D,205373,4,3025,Rahimah Rahim - Gadis Dan Bunga (Official Audio),Rahimah Rahim,34696852,307000,1166,fvmLe-IXA6w,5bOJDeHAWRAO44v3dc7P7D,6763269697375832066,601946801,601946797,64fbEuWpvw1B
Body,66,Russ Millions,66,Body,183829,spotify:track:3CVb6hkMrlF7eHhXi5B3PZ,0.889,0.705,11,-8.683,0,0.392,0.389,1.04e-05,0.0692,0.815,141.069,audio_features,3CVb6hkMrlF7eHhXi5B3PZ,spotify:track:3CVb6hkMrlF7eHhXi5B3PZ,https://api.spotify.com/v1/tracks/3CVb6hkMrlF7eHhXi5B3PZ,https://api.spotify.com/v1/audio-analysis/3CVb6hkMrlF7eHhXi5B3PZ,183830,4,3026,Body,Killy Milly & Tion Wayne,166788596,307000,-1960,,3CVb6hkMrlF7eHhXi5B3PZ,6941350506287647493,1559913126,1559913009,e1GSoLePc8QK
Pras Novinha (feat. DJ Pedrin),57,Mc Livinho,71,Pras Novinha (feat. DJ Pedrin),149032,spotify:track:3qHN7TSBfVQPF9ojUVT9ZT,0.935,0.656,7,-4.598,1,0.0886,0.507,1.6e-06,0.123,0.921,135.14,audio_features,3qHN7TSBfVQPF9ojUVT9ZT,spotify:track:3qHN7TSBfVQPF9ojUVT9ZT,https://api.spotify.com/v1/tracks/3qHN7TSBfVQPF9ojUVT9ZT,https://api.spotify.com/v1/audio-analysis/3qHN7TSBfVQPF9ojUVT9ZT,149033,4,3028,"Pras Novinha - MC Livinho, DJ LK da Esc√≥cia, DJ Pedrin e DJ Breno",Mc Livinho & DJ LK DA ESC√ìCIA,92367939,306650,-3182,vGBJmgZSeRc,3qHN7TSBfVQPF9ojUVT9ZT,7098723210711108357,1628214759,1628214395,QQReZFQ8NAVs
Saudades,42,Young No Beatz,21,Saudades,124905,spotify:track:5BdiJxjb4eMFcScDhKtxga,0.744,0.41,6,-12.449,1,0.261,0.946,0.882,0.0959,0.0841,175.893,audio_features,5BdiJxjb4eMFcScDhKtxga,spotify:track:5BdiJxjb4eMFcScDhKtxga,https://api.spotify.com/v1/tracks/5BdiJxjb4eMFcScDhKtxga,https://api.spotify.com/v1/audio-analysis/5BdiJxjb4eMFcScDhKtxga,124906,4,3029,Saudades,Young No Beatz,15134907,306500,5400,yfO7S5dtuvs,5BdiJxjb4eMFcScDhKtxga,6875358092867946497,1532785742,1532785741,nNpbWDKxRRMt
You Can't Stop The Beat,55,Elijah Kelley,45,Hairspray (Original Motion Picture Soundtrack) [Collector's Edition],324706,spotify:track:3pMsqOoZTtzUiZXmDVtrCD,0.52,0.944,7,-4.721,1,0.157,0.0382,0.0,0.141,0.725,170.484,audio_features,3pMsqOoZTtzUiZXmDVtrCD,spotify:track:3pMsqOoZTtzUiZXmDVtrCD,https://api.spotify.com/v1/tracks/3pMsqOoZTtzUiZXmDVtrCD,https://api.spotify.com/v1/audio-analysis/3pMsqOoZTtzUiZXmDVtrCD,324707,4,3030,You Can't Stop The Beat,Nikk,15203021,306500,-79,zKJ539acHC0,3pMsqOoZTtzUiZXmDVtrCD,6744943699194612481,1454449538,1454449342,2fuqOWJOEJ3X
apocalypse - sped up,14,Purple Mask,22,Highschool (sped up),92111,spotify:track:0d5RGkpFM8CotvklNaVbOa,0.302,0.103,2,-16.454,0,0.0377,0.918,0.851,0.477,0.173,95.152,audio_features,0d5RGkpFM8CotvklNaVbOa,spotify:track:0d5RGkpFM8CotvklNaVbOa,https://api.spotify.com/v1/tracks/0d5RGkpFM8CotvklNaVbOa,https://api.spotify.com/v1/audio-analysis/0d5RGkpFM8CotvklNaVbOa,92112,4,3033,apocalypse - sped up,EX7STENCE‚Ñ¢,139831446,305700,-3080,3QyjS7BpIeA,0d5RGkpFM8CotvklNaVbOa,7050869961027635974,,,wsXL7hsVdthU
Same Love (feat. Mary Lambert),65,Macklemore & Ryan Lewis,72,The Heist,318525,spotify:track:01uqI4H13Gsd8Lyl1EYd8H,0.688,0.473,8,-9.059,1,0.167,0.716,4.46e-05,0.104,0.299,84.958,audio_features,01uqI4H13Gsd8Lyl1EYd8H,spotify:track:01uqI4H13Gsd8Lyl1EYd8H,https://api.spotify.com/v1/tracks/01uqI4H13Gsd8Lyl1EYd8H,https://api.spotify.com/v1/audio-analysis/01uqI4H13Gsd8Lyl1EYd8H,318525,4,3034,MACKLEMORE & RYAN LEWIS - SAME LOVE feat. MARY LAMBERT (OFFICIAL VIDEO),Macklemore,105273545,305600,-1500,hlVBg7_08n0,01uqI4H13Gsd8Lyl1EYd8H,299789100658692096,560097759,560097651,7BdwrEHtAJXk
Mazalni,53,Djalil Palermo,48,Mazalni,260209,spotify:track:4Mi1B4Sc3u5zkLaEB7PETp,0.569,0.733,1,-7.082,0,0.0941,0.344,0.0,0.213,0.414,94.855,audio_features,4Mi1B4Sc3u5zkLaEB7PETp,spotify:track:4Mi1B4Sc3u5zkLaEB7PETp,https://api.spotify.com/v1/tracks/4Mi1B4Sc3u5zkLaEB7PETp,https://api.spotify.com/v1/audio-analysis/4Mi1B4Sc3u5zkLaEB7PETp,260211,4,3036,Djalil Palermo - MAZALNI (Official Music Video),Djalil Palermo Official,6386928,305400,-1650,I7-Fd1YxBsA,4Mi1B4Sc3u5zkLaEB7PETp,7124332388092250113,1636296498,1636296252,QlYhbpCduckq
N·∫Øm,0,Minh Vuong,12,N·∫Øm,280470,spotify:track:7H3Knco77StuGwBe1d99yC,0.6,0.32,2,-8.191,1,0.0299,0.861,0.0,0.224,0.411,129.808,audio_features,7H3Knco77StuGwBe1d99yC,spotify:track:7H3Knco77StuGwBe1d99yC,https://api.spotify.com/v1/tracks/7H3Knco77StuGwBe1d99yC,https://api.spotify.com/v1/audio-analysis/7H3Knco77StuGwBe1d99yC,280470,4,3037,N·∫ÆM - MINH V∆Ø∆†NG M4U ft. H∆Ø∆†NG LY [OFFICIAL MUSIC VIDEO],"HuÃõoÃõng Ly, Minh VuÃõoÃõng",12892112,305350,-850,H3SQob6RCE8,7H3Knco77StuGwBe1d99yC,6782516990092249089,,,dIxq6CrCHlF3
Cai Verzi Pe Pereti,43,Smiley,48,Cai Verzi Pe Pereti,194400,spotify:track:6P8psX3tmk4BAMCOw0JSJh,0.807,0.794,9,-4.233,0,0.113,0.158,0.0,0.2,0.892,99.988,audio_features,6P8psX3tmk4BAMCOw0JSJh,spotify:track:6P8psX3tmk4BAMCOw0JSJh,https://api.spotify.com/v1/tracks/6P8psX3tmk4BAMCOw0JSJh,https://api.spotify.com/v1/audio-analysis/6P8psX3tmk4BAMCOw0JSJh,194400,4,3038,Smiley & Alex Velea feat. Don Baxter - Cai verzi pe pereti [Official video HD],Smiley,90897532,305200,-1350,U17OqzTjWlQ,6P8psX3tmk4BAMCOw0JSJh,6650349150309190401,1471515451,1471515446,xIe8oLGynyWz
Wing$,61,Macklemore & Ryan Lewis,72,The Heist,299599,spotify:track:2NywFcoD8G4U5SyIh8CWQ3,0.399,0.599,3,-6.987,1,0.204,0.363,0.0,0.188,0.0903,73.052,audio_features,2NywFcoD8G4U5SyIh8CWQ3,spotify:track:2NywFcoD8G4U5SyIh8CWQ3,https://api.spotify.com/v1/tracks/2NywFcoD8G4U5SyIh8CWQ3,https://api.spotify.com/v1/audio-analysis/2NywFcoD8G4U5SyIh8CWQ3,299600,4,3039,MACKLEMORE X RYAN LEWIS - AND WE DANCED [OFFICIAL VIDEO],Macklemore,129348613,305188,-1047,Vhf5cuXiLTA,2NywFcoD8G4U5SyIh8CWQ3,196884297159647232,560097558,560097246,Kzdn1gKP7zAp
Inolvidable,75,Ovy On The Drums,71,Inolvidable,225812,spotify:track:0OTtnwUO8natNWSwdZvXVF,0.84,0.543,0,-4.941,1,0.0568,0.678,0.0,0.128,0.74,139.929,audio_features,0OTtnwUO8natNWSwdZvXVF,spotify:track:0OTtnwUO8natNWSwdZvXVF,https://api.spotify.com/v1/tracks/0OTtnwUO8natNWSwdZvXVF,https://api.spotify.com/v1/audio-analysis/0OTtnwUO8natNWSwdZvXVF,225812,4,3040,Be√©le & Ovy On The Drums - Inolvidable (Official Video),OvyOnTheDrums & BE√âLE,34414620,305120,16563,t5b4wHEX37Q,0OTtnwUO8natNWSwdZvXVF,6780965731296086018,1494460632,1494460630,pUAanorHZfOL
Recu√©rdame (Reencuentro),52,Luis √Ångel G√≥mez Jaramillo,48,Coco (Banda Sonora Original en Espa√±ol),73650,spotify:track:0rUeyAypoUUFzobbSWOe0U,0.585,0.0413,1,-19.447,1,0.0953,0.973,0.0,0.111,0.354,77.968,audio_features,0rUeyAypoUUFzobbSWOe0U,spotify:track:0rUeyAypoUUFzobbSWOe0U,https://api.spotify.com/v1/tracks/0rUeyAypoUUFzobbSWOe0U,https://api.spotify.com/v1/audio-analysis/0rUeyAypoUUFzobbSWOe0U,73650,4,3042,"Luis √Ångel G√≥mez Jaramillo, Roc√≠o Garcel - Recu√©rdame (Reencuentro) (De ‚ÄúCoco‚Äù/Audio Only)",Luis √Ångel G√≥mez Jaramillo & Roc√≠o Garcel,38204790,304700,-600,zRK_zAWAvOE,0rUeyAypoUUFzobbSWOe0U,6625694166275852294,1440726686,1440726677,zc1LkciKg1Bm
Mamma Mia,0,ABBA,78,Abba,215266,spotify:track:5ztQHTm1YQqcTkQmgDEU4n,0.748,0.771,2,-7.01,1,0.0318,0.28,0.000333,0.466,0.782,137.543,audio_features,5ztQHTm1YQqcTkQmgDEU4n,spotify:track:5ztQHTm1YQqcTkQmgDEU4n,https://api.spotify.com/v1/tracks/5ztQHTm1YQqcTkQmgDEU4n,https://api.spotify.com/v1/audio-analysis/5ztQHTm1YQqcTkQmgDEU4n,215110,4,3043,Abba - Mamma Mia (Official Music Video),ABBA,91118702,304662,2362,unfzfe8f9NI,5ztQHTm1YQqcTkQmgDEU4n,7001822467224242177,1422648821,1422648512,ElNGguk438Wx
Ocean,16,KAROL G,87,Ma√±anas de Verano,155946,spotify:track:4BNOc557etGIpjZB6DPHOS,0.727,0.482,11,-6.193,1,0.115,0.933,0.0,0.388,0.487,74.93,audio_features,4BNOc557etGIpjZB6DPHOS,spotify:track:4BNOc557etGIpjZB6DPHOS,https://api.spotify.com/v1/tracks/4BNOc557etGIpjZB6DPHOS,https://api.spotify.com/v1/audio-analysis/4BNOc557etGIpjZB6DPHOS,155947,4,3044,KAROL G - Ocean (Official Video),Karol G,12918134,304600,1200,gyY5Z0TUWRY,4BNOc557etGIpjZB6DPHOS,6741574026314909698,1460193258,1460193253,BJrvjmjKU2lx
Kul,45,DJ Kantik,36,Zooo,161382,spotify:track:2tE7RudE4JHwDP2TMU0jtS,0.802,0.874,3,-1.984,0,0.0542,0.217,0.761,0.116,0.495,94.983,audio_features,2tE7RudE4JHwDP2TMU0jtS,spotify:track:2tE7RudE4JHwDP2TMU0jtS,https://api.spotify.com/v1/tracks/2tE7RudE4JHwDP2TMU0jtS,https://api.spotify.com/v1/audio-analysis/2tE7RudE4JHwDP2TMU0jtS,161382,4,3045,Dj Kantik - Kul (Official Divas India Video),Dj Kantik,26563853,304600,-200,kCGF_zCWj8c,2tE7RudE4JHwDP2TMU0jtS,6779094818225129474,1285160313,1285160171,wmxvUDqjMMvb
Arguamul,16,Íï• Relaja tu vida Íï•,22,√Åpices mentales en guitarra Vol 4,65500,spotify:track:36OE9tdDzL1sjBBPFnbYGe,0.613,0.366,6,-7.934,1,0.0523,0.808,0.83,0.103,0.104,125.119,audio_features,36OE9tdDzL1sjBBPFnbYGe,spotify:track:36OE9tdDzL1sjBBPFnbYGe,https://api.spotify.com/v1/tracks/36OE9tdDzL1sjBBPFnbYGe,https://api.spotify.com/v1/audio-analysis/36OE9tdDzL1sjBBPFnbYGe,65500,4,3046,original sound,Relaxigameur,8878879,304600,-1020,,36OE9tdDzL1sjBBPFnbYGe,6954745434174704390,,,VfhKWZMgGf6R
Anh Y√™u V·ªôi Th·∫ø (MEE Remix),35,Mee Media,29,Anh Y√™u V·ªôi Th·∫ø (MEE Remix),290324,spotify:track:4X8rCaV3SE5cr6UYa0PCAF,0.849,0.692,10,-6.036,0,0.0444,0.467,0.00362,0.135,0.826,140.011,audio_features,4X8rCaV3SE5cr6UYa0PCAF,spotify:track:4X8rCaV3SE5cr6UYa0PCAF,https://api.spotify.com/v1/tracks/4X8rCaV3SE5cr6UYa0PCAF,https://api.spotify.com/v1/audio-analysis/4X8rCaV3SE5cr6UYa0PCAF,290325,4,3047,Anh Y√™u V·ªôi Th·∫ø C·ª© Th√≠ch Bu√¥ng L·ªùi Tr√™u ƒê√πa Tiktok | Anh Y√™u V·ªôi Th·∫ø (Mee Remix) - LaLa Tr·∫ßn,"LaLa Tr·∫ßn, Mee Media",50042943,304440,-120,HYAvSEyc2WY,4X8rCaV3SE5cr6UYa0PCAF,7070861689528290074,1619075991,1619075989,2UCfsbNBx9Ng
„Ç¢„Ç¶„Éà„É≠„Éº,27,K Dub Shine,31,Âá∂Ê∞ó„ÅÆÊ°ú „Ç™„É™„Ç∏„Éä„É´„Éª„Çµ„Ç¶„É≥„Éâ„Éà„É©„ÉÉ„ÇØ,207440,spotify:track:0h3Wv7J1B0S4SwIgBjMZuo,0.777,0.648,7,-8.432,1,0.186,0.0053,0.183,0.268,0.628,94.196,audio_features,0h3Wv7J1B0S4SwIgBjMZuo,spotify:track:0h3Wv7J1B0S4SwIgBjMZuo,https://api.spotify.com/v1/tracks/0h3Wv7J1B0S4SwIgBjMZuo,https://api.spotify.com/v1/audio-analysis/0h3Wv7J1B0S4SwIgBjMZuo,207440,4,3050,original sound,Zernabüåè‚ú®,17187775,304100,-800,,0h3Wv7J1B0S4SwIgBjMZuo,6932726466836761345,,,MgZdccutI7Fh
Bala Love,65,Mc Anjim,57,Bala Love,221538,spotify:track:48Ll1C6qAnP2UjnopQDh4a,0.628,0.318,9,-8.887,0,0.0507,0.807,0.101,0.19,0.492,86.453,audio_features,48Ll1C6qAnP2UjnopQDh4a,spotify:track:48Ll1C6qAnP2UjnopQDh4a,https://api.spotify.com/v1/tracks/48Ll1C6qAnP2UjnopQDh4a,https://api.spotify.com/v1/audio-analysis/48Ll1C6qAnP2UjnopQDh4a,221538,5,3051,Bala Love,Mc Anjim & Dj Lv Mdp & Dj PH Da Serra,53902928,304000,-1366,GV79m_AFQTQ,48Ll1C6qAnP2UjnopQDh4a,6989345162249980677,1570071953,1570071952,9xmUdLrlgzZa
Oompa Loompa,52,Sig,30,Nothing,165041,spotify:track:1OrkwFTwe0T5E6RwaFd4IF,0.863,0.407,3,-11.139,0,0.341,0.45,5.57e-05,0.133,0.54,140.052,audio_features,1OrkwFTwe0T5E6RwaFd4IF,spotify:track:1OrkwFTwe0T5E6RwaFd4IF,https://api.spotify.com/v1/tracks/1OrkwFTwe0T5E6RwaFd4IF,https://api.spotify.com/v1/audio-analysis/1OrkwFTwe0T5E6RwaFd4IF,165042,4,3052,Oompa Loompa,Sig,56219794,303940,-320,-084mE-_ScE,1OrkwFTwe0T5E6RwaFd4IF,6742973449574025218,1482044153,1482044144,MdxGuglkhlar
Zinda,66,Shankar-Ehsaan-Loy,67,Bhaag Milkha Bhaag (Original Motion Picture Soundtrack),211120,spotify:track:7vZz8oJ5qAqB9MghufRK5k,0.603,0.708,4,-7.047,0,0.0379,0.000173,3.36e-06,0.158,0.611,105.046,audio_features,7vZz8oJ5qAqB9MghufRK5k,spotify:track:7vZz8oJ5qAqB9MghufRK5k,https://api.spotify.com/v1/tracks/7vZz8oJ5qAqB9MghufRK5k,https://api.spotify.com/v1/audio-analysis/7vZz8oJ5qAqB9MghufRK5k,211120,4,3053,Zinda Full Video - Bhaag Milkha Bhaag|Farhan Akhtar|Siddharth Mahadevan|Prasoon Joshi, Shankar‚ÄìEhsaan‚ÄìLoy,3945934,303900,0,fP6MNznzVcQ,7vZz8oJ5qAqB9MghufRK5k,6696671020989811462,660158686,660158566,2h60GjFG787S
Pretty Savage,76,BLACKPINK,82,THE ALBUM,201122,spotify:track:1XnpzbOGptRwfJhZgLbmSr,0.701,0.556,9,-7.42,0,0.0414,0.00886,0.000122,0.106,0.333,152.045,audio_features,1XnpzbOGptRwfJhZgLbmSr,spotify:track:1XnpzbOGptRwfJhZgLbmSr,https://api.spotify.com/v1/tracks/1XnpzbOGptRwfJhZgLbmSr,https://api.spotify.com/v1/audio-analysis/1XnpzbOGptRwfJhZgLbmSr,201122,4,3054,BLACKPINK Pretty Savage Lyrics (Î∏îÎûôÌïëÌÅ¨ Pretty Savage Í∞ÄÏÇ¨) [Color Coded Lyrics/Han/Rom/Eng],blackpinkofficial,118744075,303800,1120,Tw5MOgGQceA,1XnpzbOGptRwfJhZgLbmSr,6878987207034554370,1533366878,1533366575,w6j997o68VQk
Nangangamba,10,Zack Tabudlo,70,Beach Sa Bahay,210354,spotify:track:0M0aLbmUImVnZcwtsLbJlA,0.62,0.547,1,-6.772,1,0.0248,0.112,0.0,0.19,0.208,98.032,audio_features,0M0aLbmUImVnZcwtsLbJlA,spotify:track:0M0aLbmUImVnZcwtsLbJlA,https://api.spotify.com/v1/tracks/0M0aLbmUImVnZcwtsLbJlA,https://api.spotify.com/v1/audio-analysis/0M0aLbmUImVnZcwtsLbJlA,210355,4,3055,Zack Tabudlo - Nangangamba (Official Music Video),Zack Tabudlo,18329697,303700,1186,TyTzE8mXrm0,0M0aLbmUImVnZcwtsLbJlA,6863119858674960386,1524596079,1524596078,O0QH33UvoKeS
Baila Conmigo (Afro Twerk Remix),39,Dj Moon,21,Baila Conmigo (Afro Twerk Remix),235624,spotify:track:4dn4A9Ar8AUDYNolGyONxx,0.859,0.72,11,-4.45,0,0.0611,0.00499,0.547,0.102,0.538,134.003,audio_features,4dn4A9Ar8AUDYNolGyONxx,spotify:track:4dn4A9Ar8AUDYNolGyONxx,https://api.spotify.com/v1/tracks/4dn4A9Ar8AUDYNolGyONxx,https://api.spotify.com/v1/audio-analysis/4dn4A9Ar8AUDYNolGyONxx,235625,4,3056,BAILA CONMIGO (Afro Twerk Remix) - DJ MOON x BYRO x DAYVI,BYRO,58283501,303684,-216,jnFJfgRuOyc,4dn4A9Ar8AUDYNolGyONxx,6806446884710795266,1503468712,1503468709,wtPQYG1NjQKy
Circus,0,Britney Spears,78,Circus,192360,spotify:track:1BTl8TeBdSmRyd5ZjH2uF1,0.791,0.733,6,-5.215,0,0.052,0.147,0.000381,0.0713,0.761,114.98,audio_features,1BTl8TeBdSmRyd5ZjH2uF1,spotify:track:1BTl8TeBdSmRyd5ZjH2uF1,https://api.spotify.com/v1/tracks/1BTl8TeBdSmRyd5ZjH2uF1,https://api.spotify.com/v1/audio-analysis/1BTl8TeBdSmRyd5ZjH2uF1,192360,4,3057,Britney Spears - Circus (Official HD Video),Britney Spears,168002773,303540,-1120,lVhJ_A8XUgc,1BTl8TeBdSmRyd5ZjH2uF1,6696412199998457857,990422391,990422389,4qEdCxJqjIE4
Playboy,58,Jx.Zero,43,In My Sins,152450,spotify:track:45GDh5cZcRVOAyQqZWxiUt,0.819,0.563,1,-8.621,0,0.706,0.0126,0.0,0.21,0.599,158.017,audio_features,45GDh5cZcRVOAyQqZWxiUt,spotify:track:45GDh5cZcRVOAyQqZWxiUt,https://api.spotify.com/v1/tracks/45GDh5cZcRVOAyQqZWxiUt,https://api.spotify.com/v1/audio-analysis/45GDh5cZcRVOAyQqZWxiUt,152451,4,3058,Jx.Zero - Playboy (Official Music Video),Jx.zero,232034796,303200,-550,_2n_ajSh_uo,45GDh5cZcRVOAyQqZWxiUt,6936644952348706817,1557049276,1557049275,qLky5UVlL8Hh
Bartender (feat. Akon),0,T-Pain,75,Epiphany,238800,spotify:track:5kxddRG1RZaZROadk7iC4D,0.675,0.394,8,-8.539,1,0.133,0.0611,0.0,0.214,0.405,104.987,audio_features,5kxddRG1RZaZROadk7iC4D,spotify:track:5kxddRG1RZaZROadk7iC4D,https://api.spotify.com/v1/tracks/5kxddRG1RZaZROadk7iC4D,https://api.spotify.com/v1/audio-analysis/5kxddRG1RZaZROadk7iC4D,238800,4,3059,T-Pain - Bartender (Official HD Video) ft. Akon,T-Pain,15021163,302968,17544,Lt2wjJlP2N4,5kxddRG1RZaZROadk7iC4D,222568172963717120,1556722108,1556722097,gOcDzTGZqpM3
Footloose,0,Kenny Loggins,66,"Yesterday, Today, Tomorrow - The Greatest Hits Of Kenny Loggins",220706,spotify:track:2ILCAFAALHHslGAFc2NhmZ,0.546,0.895,9,-7.189,1,0.0579,0.0819,1.42e-05,0.077,0.494,174.089,audio_features,2ILCAFAALHHslGAFc2NhmZ,spotify:track:2ILCAFAALHHslGAFc2NhmZ,https://api.spotify.com/v1/tracks/2ILCAFAALHHslGAFc2NhmZ,https://api.spotify.com/v1/audio-analysis/2ILCAFAALHHslGAFc2NhmZ,220172,4,3060,Kenny Loggins - Footloose (Official Video),Kenny Loggins,253819417,302948,-487,ltrMfT4Qz5Y,2ILCAFAALHHslGAFc2NhmZ,6696414685920495617,355894607,355893419,VRgxqEd1ofKS
Me Enamor√©,65,Jay Wheeler,74,Plat√≥nico,253830,spotify:track:00nvL9u5K8jEJ6TSxGdtPK,0.495,0.357,11,-7.555,1,0.0439,0.968,0.00104,0.118,0.456,179.74,audio_features,00nvL9u5K8jEJ6TSxGdtPK,spotify:track:00nvL9u5K8jEJ6TSxGdtPK,https://api.spotify.com/v1/tracks/00nvL9u5K8jEJ6TSxGdtPK,https://api.spotify.com/v1/audio-analysis/00nvL9u5K8jEJ6TSxGdtPK,253830,4,3061,Jay Wheeler - Me Enamor√© (Cover Audio),Jay Wheeler,35044733,302900,5350,I19hf_IAtFs,00nvL9u5K8jEJ6TSxGdtPK,6763809970828871682,1489356576,1489356409,MyTDA67Gn2ll
you broke me first,44,Tate McRae,75,TOO YOUNG TO BE SAD,170226,spotify:track:4l0RmWt52FxpVxMNni6i63,0.66,0.379,4,-9.357,1,0.0543,0.798,0.0,0.0913,0.0762,124.027,audio_features,4l0RmWt52FxpVxMNni6i63,spotify:track:4l0RmWt52FxpVxMNni6i63,https://api.spotify.com/v1/tracks/4l0RmWt52FxpVxMNni6i63,https://api.spotify.com/v1/audio-analysis/4l0RmWt52FxpVxMNni6i63,170227,4,3063,Tate McRae - you broke me first (Official Video),tate mcrae,53299712,302596,893,AG-erEMhumc,4l0RmWt52FxpVxMNni6i63,6815610592179521538,1507810181,1507809903,CCgH9yCPQlm4
Invisible,0,Julius Dreisig,45,Invisible,201015,spotify:track:2BgagqJWYfrKPhz3f5V0Sw,0.693,0.834,2,-3.259,1,0.342,0.141,0.0391,0.0891,0.224,82.517,audio_features,2BgagqJWYfrKPhz3f5V0Sw,spotify:track:2BgagqJWYfrKPhz3f5V0Sw,https://api.spotify.com/v1/tracks/2BgagqJWYfrKPhz3f5V0Sw,https://api.spotify.com/v1/audio-analysis/2BgagqJWYfrKPhz3f5V0Sw,201016,4,3064,Julius Dreisig & Zeus X Crona - Invisible [NCS Release],Zeus X Crona & Julius Dreisig,30593711,302400,-750,QglaLzo_aPk,2BgagqJWYfrKPhz3f5V0Sw,6763842211864905730,1440142288,1440142285,tphodDwmiT9w
Hero (feat. Christina Perri),67,Cash Cash,60,"Blood, Sweat & 3 Years",197840,spotify:track:5g1BARk25uUJtEPSUwcjnU,0.47,0.85,1,-2.825,0,0.0363,0.0627,0.0,0.118,0.148,149.876,audio_features,5g1BARk25uUJtEPSUwcjnU,spotify:track:5g1BARk25uUJtEPSUwcjnU,https://api.spotify.com/v1/tracks/5g1BARk25uUJtEPSUwcjnU,https://api.spotify.com/v1/audio-analysis/5g1BARk25uUJtEPSUwcjnU,197840,4,3065,Hero - Cash Cash ft.Christina Perri (Lirik + Terjemahan Indonesia),Cash Cash & christina perri,101256948,302300,2300,Ngq0omaP8Xg,5g1BARk25uUJtEPSUwcjnU,6586163630444645122,1107248959,1107248683,MSzdMrVA8KQp
Perreketeke,53,Johann Rz,30,Perreketeke,228000,spotify:track:4hmiccHJL2N8aZPCBoPaJO,0.891,0.943,10,-0.802,0,0.161,0.0135,0.0129,0.308,0.676,95.011,audio_features,4hmiccHJL2N8aZPCBoPaJO,spotify:track:4hmiccHJL2N8aZPCBoPaJO,https://api.spotify.com/v1/tracks/4hmiccHJL2N8aZPCBoPaJO,https://api.spotify.com/v1/audio-analysis/4hmiccHJL2N8aZPCBoPaJO,228000,4,3067,Perreketeke,Johann Rz & Amador D' & Rvndy Retros,14616253,302200,5150,Hodril5jXk8,4hmiccHJL2N8aZPCBoPaJO,6930441217529972738,,,VmwJQN5NrlhV
You Can Cry,55,Marshmello,81,You Can Cry,194533,spotify:track:3ZbJMlEL4Kcme0ONRO7Slx,0.491,0.617,4,-4.545,0,0.147,0.0974,0.0,0.27,0.17,126.816,audio_features,3ZbJMlEL4Kcme0ONRO7Slx,spotify:track:3ZbJMlEL4Kcme0ONRO7Slx,https://api.spotify.com/v1/tracks/3ZbJMlEL4Kcme0ONRO7Slx,https://api.spotify.com/v1/audio-analysis/3ZbJMlEL4Kcme0ONRO7Slx,194533,5,3068,Marshmello x Juicy J - You Can Cry (Ft. James Arthur) (Official Video),James Arthur & marshmello & Juicy J,3041558,302032,-68,2SJ0hgdciNE,3ZbJMlEL4Kcme0ONRO7Slx,6551824342576010240,1377782473,1377782435,hE2NntnPCmCE
Big Poppa,51,The Notorious B.I.G.,76,Slow Flow: Hip Hop & R&B,249866,spotify:track:4sGylyGhQaOzhi77fLrMmP,0.765,0.671,9,-5.249,0,0.278,0.344,0.0,0.0506,0.798,84.5,audio_features,4sGylyGhQaOzhi77fLrMmP,spotify:track:4sGylyGhQaOzhi77fLrMmP,https://api.spotify.com/v1/tracks/4sGylyGhQaOzhi77fLrMmP,https://api.spotify.com/v1/audio-analysis/4sGylyGhQaOzhi77fLrMmP,249867,4,3069,The Notorious B.I.G. - Big Poppa (Official Music Video) [HD],The Notorious B.I.G.,87030964,301990,212,phaJXp_zMYM,4sGylyGhQaOzhi77fLrMmP,227299624506597376,216664961,216664955,OWMADhZSb3mx
–¢–∞–º —Ä–µ–≤–µ–ª–∏ –≥–æ—Ä—ã,62,Miyagi & Andy Panda,58,YAMAKASI,176874,spotify:track:7qQ6u1BXb0lys5vuVZkj2h,0.559,0.84,7,-5.799,1,0.174,0.349,0.0,0.217,0.716,76.831,audio_features,7qQ6u1BXb0lys5vuVZkj2h,spotify:track:7qQ6u1BXb0lys5vuVZkj2h,https://api.spotify.com/v1/tracks/7qQ6u1BXb0lys5vuVZkj2h,https://api.spotify.com/v1/audio-analysis/7qQ6u1BXb0lys5vuVZkj2h,176875,4,3070,Miyagi & Andy Panda - –¢–∞–º –†–µ–≤–µ–ª–∏ –ì–æ—Ä—ã (Mood Video),Miyagi & Andy Panda,19560123,301900,6850,MzI_CIYSsfQ,7qQ6u1BXb0lys5vuVZkj2h,6850394695156107265,1521277305,1521277045,6kSlgE8hS7al
Love Is a Bitch,76,Two Feet,68,Love Is a Bitch,181466,spotify:track:6MiVIH3fQlmz44jGx2DXn4,0.532,0.178,9,-9.754,0,0.0541,0.614,0.14,0.0985,0.103,149.879,audio_features,6MiVIH3fQlmz44jGx2DXn4,spotify:track:6MiVIH3fQlmz44jGx2DXn4,https://api.spotify.com/v1/tracks/6MiVIH3fQlmz44jGx2DXn4,https://api.spotify.com/v1/audio-analysis/6MiVIH3fQlmz44jGx2DXn4,181467,3,3071,Two Feet - Love is a Bitch,Two Feet,164262642,301900,4321,yGl7errjHWk,6MiVIH3fQlmz44jGx2DXn4,6684777694845995009,1231393788,1231393586,UrR2c7ukFSWu
Sakhiyaan (Remix),49,Maninder Buttar,60,Sakhiyaan (Remix),186128,spotify:track:51Vz0IbBW4oVAJ87dfjIK2,0.645,0.897,4,-3.801,1,0.0319,0.373,3.74e-05,0.246,0.524,98.065,audio_features,51Vz0IbBW4oVAJ87dfjIK2,spotify:track:51Vz0IbBW4oVAJ87dfjIK2,https://api.spotify.com/v1/tracks/51Vz0IbBW4oVAJ87dfjIK2,https://api.spotify.com/v1/audio-analysis/51Vz0IbBW4oVAJ87dfjIK2,186129,4,3072,Sakhiyaan (Remix) DJ Chetas | Maninder Buttar | New Punjabi Songs 2019 | White Hill Music,Maninder Buttar ,11290010,301900,1000,kyOkGRRc97Q,51Vz0IbBW4oVAJ87dfjIK2,6709400389227137025,,,kbFkjmBwFG2o
No Me Caiga Atr√°s,25,Bad Bunn,24,No Me Caiga Atr√°s,135144,spotify:track:7k2WFeqvnjuapnMAHcSmtB,0.893,0.581,0,-6.586,1,0.145,0.0296,0.444,0.0625,0.911,117.993,audio_features,7k2WFeqvnjuapnMAHcSmtB,spotify:track:7k2WFeqvnjuapnMAHcSmtB,https://api.spotify.com/v1/tracks/7k2WFeqvnjuapnMAHcSmtB,https://api.spotify.com/v1/audio-analysis/7k2WFeqvnjuapnMAHcSmtB,135144,4,3073,original sound - ‚Ä¢ G O K U ‚Ä¢,‚Ä¢ G O K U ‚Ä¢,23429225,301800,-65,,7k2WFeqvnjuapnMAHcSmtB,6793566213793385217,,,DMBoYtHCVhKK
"Ladki Badi Anjani Hai (From ""Kuch Kuch Hota Hai"")",39,Jatin-Lalit,65,Best of Bollywood & Tamil,381706,spotify:track:2WWwLv2BqUlL7tGyrE3Mch,0.637,0.774,7,-9.327,1,0.056,0.522,0.0001,0.0901,0.731,121.108,audio_features,2WWwLv2BqUlL7tGyrE3Mch,spotify:track:2WWwLv2BqUlL7tGyrE3Mch,https://api.spotify.com/v1/tracks/2WWwLv2BqUlL7tGyrE3Mch,https://api.spotify.com/v1/audio-analysis/2WWwLv2BqUlL7tGyrE3Mch,381707,4,3075,"Ladki Badi Anjani Hai Full Video - Kuch Kuch Hota Hai|Shah Rukh Khan,Kajol|Kumar Sanu",Jatin-Lalit & Kumar Sanu & Alka Yagnik,14550942,301100,2520,WlWlGlvN4L4,2WWwLv2BqUlL7tGyrE3Mch,224025337414848512,300388590,300388319,CYoBwUGr92M1
OLD GENESIS,54,PHONK WALKER,42,OLD GENESIS,142545,spotify:track:6qZjcaPcEs7AhqpP1xSEIK,0.734,0.777,1,-7.775,1,0.0546,0.063,0.767,0.0975,0.487,164.899,audio_features,6qZjcaPcEs7AhqpP1xSEIK,spotify:track:6qZjcaPcEs7AhqpP1xSEIK,https://api.spotify.com/v1/tracks/6qZjcaPcEs7AhqpP1xSEIK,https://api.spotify.com/v1/audio-analysis/6qZjcaPcEs7AhqpP1xSEIK,142545,4,3077,"""OLD GENESIS"" ( Prod Lemuel J. Sianipar )",PHONK WALKER & Kingpin Skinny Pimp,69768628,301076,-923,nmA42HuIAjg,6qZjcaPcEs7AhqpP1xSEIK,6963765195852253185,1568135205,1568135204,QIbSWUf5N57V
ŸÖÿ≠ŸÖŸàÿØ ÿßŸÑÿ™ÿ±ŸÉŸä - Ÿäÿßÿ£ŸÜÿ™,0,ÿπŸÑŸä ÿßŸÑÿ≠ŸäÿØÿ±-Ali Alhaider,0,ŸÖÿ≠ŸÖŸàÿØ ÿßŸÑÿ™ÿ±ŸÉŸä - Ÿäÿßÿ£ŸÜÿ™,264173,spotify:track:5AyYZcSK9pvP6RzgmPhKhg,0.675,0.575,6,-6.744,1,0.0408,0.215,7.57e-05,0.0982,0.764,86.681,audio_features,5AyYZcSK9pvP6RzgmPhKhg,spotify:track:5AyYZcSK9pvP6RzgmPhKhg,https://api.spotify.com/v1/tracks/5AyYZcSK9pvP6RzgmPhKhg,https://api.spotify.com/v1/audio-analysis/5AyYZcSK9pvP6RzgmPhKhg,264173,4,3078,ÿπŸÑŸä ÿßŸÑŸáŸÜÿØŸä,ÿßŸÑŸÅŸÜÿßŸÜ ÿ≠ÿ≥ŸäŸÜ ÿßŸÑÿ™ÿ±ŸÉŸäüéôÔ∏è,12409647,301000,-400,,5AyYZcSK9pvP6RzgmPhKhg,6805547357640428290,,,S2cyMrLZqJ21
Se Prepar√≥,55,Ozuna,86,Se Prepar√≥,188080,spotify:track:3mxWDt0eKXfl4C1e4oIP0J,0.739,0.821,1,-4.233,1,0.0852,0.222,9.6e-06,0.311,0.693,171.077,audio_features,3mxWDt0eKXfl4C1e4oIP0J,spotify:track:3mxWDt0eKXfl4C1e4oIP0J,https://api.spotify.com/v1/tracks/3mxWDt0eKXfl4C1e4oIP0J,https://api.spotify.com/v1/audio-analysis/3mxWDt0eKXfl4C1e4oIP0J,188080,4,3079,Ozuna - Se Prepar√≥ (Video Oficial) | Odisea,OZUNA,27714448,300862,928,KWGrPNqz4uc,3mxWDt0eKXfl4C1e4oIP0J,276942337317101570,1269286798,1269285897,Hn6Mu1euxwVe
Intro,4,Chef526,19,Hustle & Pray,81044,spotify:track:5NU6euJus9eTPTTwrz9Pmv,0.721,0.552,0,-13.098,0,0.24,0.0139,0.135,0.191,0.596,148.876,audio_features,5NU6euJus9eTPTTwrz9Pmv,spotify:track:5NU6euJus9eTPTTwrz9Pmv,https://api.spotify.com/v1/tracks/5NU6euJus9eTPTTwrz9Pmv,https://api.spotify.com/v1/audio-analysis/5NU6euJus9eTPTTwrz9Pmv,81044,4,3080,original sound - Lenny Nur Lina‚ú®,Lenny Nur LinaüçÇ,4654786,300800,-1255,,5NU6euJus9eTPTTwrz9Pmv,6929447819883367169,,,y1RIuAPzwr1l
The Bottle Beat,23,Ricky Desktop,52,The Bottle Beat,138000,spotify:track:2g2D7eN0NWO1tIDDNHCTgn,0.78,0.13,5,-11.329,0,0.202,0.331,0.0502,0.0802,0.355,140.001,audio_features,2g2D7eN0NWO1tIDDNHCTgn,spotify:track:2g2D7eN0NWO1tIDDNHCTgn,https://api.spotify.com/v1/tracks/2g2D7eN0NWO1tIDDNHCTgn,https://api.spotify.com/v1/audio-analysis/2g2D7eN0NWO1tIDDNHCTgn,138000,4,3082,The Bottle Beat,Ricky Desktop,48986842,300600,-1228,6QLlyEkK06Q,2g2D7eN0NWO1tIDDNHCTgn,6829040622737869574,,,cWwez6RUYADX
"Muqammal (From ""Ikko - Mikke"")",25,Satinder Sartaaj,58,"Muqammal (From ""Ikko - Mikke"")",562500,spotify:track:6Q8kkDZhvxQBpJmB3ShtRP,0.514,0.481,6,-6.134,1,0.0328,0.811,5.74e-06,0.157,0.325,120.07,audio_features,6Q8kkDZhvxQBpJmB3ShtRP,spotify:track:6Q8kkDZhvxQBpJmB3ShtRP,https://api.spotify.com/v1/tracks/6Q8kkDZhvxQBpJmB3ShtRP,https://api.spotify.com/v1/audio-analysis/6Q8kkDZhvxQBpJmB3ShtRP,562500,3,3083,Ikko Mikke - Sanu ajkal sheesha bada ched da | Satinder Sartaaj | New Punjabi Song 2020 | New Song,Satinder Sartaaj,11973348,300518,192,jZ7LFwaggyI,6Q8kkDZhvxQBpJmB3ShtRP,6798104937143207937,,,3nhT76t8hqbM
Vivir Mi Vida,0,Marc Anthony,74,Vivir Mi Vida,251160,spotify:track:3tm3GG9BBOYhUzKWlS6A74,0.65,0.879,8,-3.176,1,0.0328,0.324,0.0,0.376,0.899,105.015,audio_features,3tm3GG9BBOYhUzKWlS6A74,spotify:track:3tm3GG9BBOYhUzKWlS6A74,https://api.spotify.com/v1/tracks/3tm3GG9BBOYhUzKWlS6A74,https://api.spotify.com/v1/audio-analysis/3tm3GG9BBOYhUzKWlS6A74,251160,4,3084,Marc Anthony - Vivir Mi Vida (Official Video),Marc Anthony,10237294,300500,14800,YXnjy5YlDwk,3tm3GG9BBOYhUzKWlS6A74,6706297691522992130,668743167,668743163,M1JEjk482RRV
Pyari Pyari Do Akhiyan (Sajjna),29,Bhinda Aujla,21,Pyari Pyari Do Akhiyan (Sajjna),222127,spotify:track:2Ceijux77LGPbJheqe81nH,0.766,0.82,2,-3.226,0,0.0331,0.126,0.0011,0.113,0.374,94.017,audio_features,2Ceijux77LGPbJheqe81nH,spotify:track:2Ceijux77LGPbJheqe81nH,https://api.spotify.com/v1/tracks/2Ceijux77LGPbJheqe81nH,https://api.spotify.com/v1/audio-analysis/2Ceijux77LGPbJheqe81nH,222128,4,3085,Teri Pyari Pyari Do Akhiyan (Original Song) | Sajjna - Bhinda Aujla & Bobby Layal Feat. Sunny Boy,Bhinda Aujla & Bobby Layal,18171479,300500,-137,37F8JT5pJWU,2Ceijux77LGPbJheqe81nH,6664478954197355265,,,DkhDZRE97bh5
Brave,0,Sara Bareilles,63,Brave,218960,spotify:track:4uernaqrGGvb2ncMd4wibP,0.562,0.829,10,-3.386,0,0.0516,0.00568,7.43e-06,0.0401,0.744,185.055,audio_features,4uernaqrGGvb2ncMd4wibP,spotify:track:4uernaqrGGvb2ncMd4wibP,https://api.spotify.com/v1/tracks/4uernaqrGGvb2ncMd4wibP,https://api.spotify.com/v1/audio-analysis/4uernaqrGGvb2ncMd4wibP,218960,4,3086,Sara Bareilles - Brave (Official Video),thesarabareilles,40158673,300476,1877,QUQsqBqxoR4,4uernaqrGGvb2ncMd4wibP,222536416084353024,1440504730,1440504715,wr67NwZfOWvi
"Oh, Pretty Woman",1,Roy Orbison,64,Best Summer Hits,178933,spotify:track:1aFgaEdc54r4c4eRG2wacN,0.619,0.603,9,-9.481,1,0.0342,0.712,0.0,0.0721,0.958,127.433,audio_features,1aFgaEdc54r4c4eRG2wacN,spotify:track:1aFgaEdc54r4c4eRG2wacN,https://api.spotify.com/v1/tracks/1aFgaEdc54r4c4eRG2wacN,https://api.spotify.com/v1/audio-analysis/1aFgaEdc54r4c4eRG2wacN,178933,4,3087,"Roy Orbison - Oh, Pretty Woman (from Black & White Night)",Roy Orbison,25249333,300400,7760,_PLq0_7k1jk,1aFgaEdc54r4c4eRG2wacN,257094779564675072,263188266,263188242,1kIZsSDo4Rbo
"Sonu, Titu And Sweety",6,Nushrat Bharucha,1,Sonu Ke Titu Ki Sweety (Cine Audio),868853,spotify:track:2EW2l7Dx2T90MInKhQHjmv,0.639,0.46,7,-11.479,1,0.498,0.52,0.0,0.371,0.489,102.851,audio_features,2EW2l7Dx2T90MInKhQHjmv,spotify:track:2EW2l7Dx2T90MInKhQHjmv,https://api.spotify.com/v1/tracks/2EW2l7Dx2T90MInKhQHjmv,https://api.spotify.com/v1/audio-analysis/2EW2l7Dx2T90MInKhQHjmv,868853,4,3088,original sound,Sonu Shonki,11179292,300300,-500,,2EW2l7Dx2T90MInKhQHjmv,6834691649524861698,,,4PnG4EtC7IGu
Light Switch,11,Charlie Puth,81,Light Switch,185680,spotify:track:1BSMpVGWs3v5BZKnAQziAc,0.69,0.626,6,-5.693,1,0.306,0.105,0.000335,0.0881,0.912,184.009,audio_features,1BSMpVGWs3v5BZKnAQziAc,spotify:track:1BSMpVGWs3v5BZKnAQziAc,https://api.spotify.com/v1/tracks/1BSMpVGWs3v5BZKnAQziAc,https://api.spotify.com/v1/audio-analysis/1BSMpVGWs3v5BZKnAQziAc,185681,4,3089,Charlie Puth - Light Switch [Official Music Video],Charlie Puth,208790710,300075,-1808,WFsAon_TWPQ,1BSMpVGWs3v5BZKnAQziAc,7044012275094521857,1605257577,1605257574,OaHtRgfgrTGu
Dianita (En Vivo),23,Grupo Recuerdo 89,32,En Vivo 2016 Vol .4,268458,spotify:track:5iwZcQwYIaMTF64kAw9lrS,0.685,0.634,0,-7.86,1,0.0667,0.0442,0.129,0.368,0.849,151.269,audio_features,5iwZcQwYIaMTF64kAw9lrS,spotify:track:5iwZcQwYIaMTF64kAw9lrS,https://api.spotify.com/v1/tracks/5iwZcQwYIaMTF64kAw9lrS,https://api.spotify.com/v1/audio-analysis/5iwZcQwYIaMTF64kAw9lrS,268459,3,3090,sonido original,Diana‚ù§Ô∏èüåπüé§,36897118,300000,-925,,5iwZcQwYIaMTF64kAw9lrS,6928428489955674886,,,IKRkj6SGjIFD
Adictiva,72,Daddy Yankee,86,Adictiva,207853,spotify:track:6MJUCumnQsQEKbCy28tbCP,0.788,0.771,4,-3.206,0,0.0563,0.291,5.62e-05,0.172,0.701,99.038,audio_features,6MJUCumnQsQEKbCy28tbCP,spotify:track:6MJUCumnQsQEKbCy28tbCP,https://api.spotify.com/v1/tracks/6MJUCumnQsQEKbCy28tbCP,https://api.spotify.com/v1/audio-analysis/6MJUCumnQsQEKbCy28tbCP,207853,4,3091,Daddy Yankee & Anuel AA - Adictiva (Video Oficial),ANUEL & daddyyankee,6356090,299900,9700,BvFJstCIrpw,6MJUCumnQsQEKbCy28tbCP,6623850525051848709,1440970969,1440970965,xcXBLr0qVVf0
–£–ª—å—Ç—Ä–∞–º–∞—Ä–∏–Ω–æ–≤—ã–µ —Ç–∞–Ω—Ü—ã,33,Eldzhey,54,–£–ª—å—Ç—Ä–∞–º–∞—Ä–∏–Ω–æ–≤—ã–µ —Ç–∞–Ω—Ü—ã,212683,spotify:track:1KGRoTycupfRzZA7yok7f4,0.864,0.665,1,-5.473,1,0.0446,0.0337,0.183,0.0775,0.556,118.017,audio_features,1KGRoTycupfRzZA7yok7f4,spotify:track:1KGRoTycupfRzZA7yok7f4,https://api.spotify.com/v1/tracks/1KGRoTycupfRzZA7yok7f4,https://api.spotify.com/v1/audio-analysis/1KGRoTycupfRzZA7yok7f4,212683,4,3092,–≠–ª–¥–∂–µ–π - –£–ª—å—Ç—Ä–∞–º–∞—Ä–∏–Ω–æ–≤—ã–µ —Ç–∞–Ω—Ü—ã,–≠–ª–¥–∂–µ–π,50673364,299900,-1300,PdP42AxFEaM,1KGRoTycupfRzZA7yok7f4,6833011511401728774,,,oztpdNXXfygt
Ensa Lgharam,0,Khaled AlHaneen,16,Ensa Lgharam,341031,spotify:track:4yDKdZTqC0tI3Y4xvTWnYw,0.746,0.674,1,-7.657,0,0.14,0.407,3.11e-05,0.247,0.718,104.042,audio_features,4yDKdZTqC0tI3Y4xvTWnYw,spotify:track:4yDKdZTqC0tI3Y4xvTWnYw,https://api.spotify.com/v1/tracks/4yDKdZTqC0tI3Y4xvTWnYw,https://api.spotify.com/v1/audio-analysis/4yDKdZTqC0tI3Y4xvTWnYw,341031,4,3095,C'est La Vie,Cheb Khaled,79158399,299700,4700,,4yDKdZTqC0tI3Y4xvTWnYw,6787530235542784001,1470713634,1470713625,6Qzw486kmD19
Love Me Like You Do (Ellie Goulding) - Acoustic,0,Cynthia Colombo,5,Love Me Like You Do (Ellie Goulding) [Acoustic],218517,spotify:track:2h6XS6vgvHy4EHfKlbV9TY,0.619,0.235,4,-8.771,0,0.0415,0.855,1.51e-06,0.103,0.145,110.506,audio_features,2h6XS6vgvHy4EHfKlbV9TY,spotify:track:2h6XS6vgvHy4EHfKlbV9TY,https://api.spotify.com/v1/tracks/2h6XS6vgvHy4EHfKlbV9TY,https://api.spotify.com/v1/audio-analysis/2h6XS6vgvHy4EHfKlbV9TY,218518,4,3096,Love Me Like You Do,Best Love Songs,30948921,299600,4100,,2h6XS6vgvHy4EHfKlbV9TY,6750909080266622977,,,Y3GJG5M5rxX9
She's Mine,3,Half Pint,0,Come Alive,267261,spotify:track:3Lvtl3M2CVzfmWYUUfukc9,0.737,0.418,8,-15.871,0,0.0427,0.0933,0.0,0.0493,0.912,83.954,audio_features,3Lvtl3M2CVzfmWYUUfukc9,spotify:track:3Lvtl3M2CVzfmWYUUfukc9,https://api.spotify.com/v1/tracks/3Lvtl3M2CVzfmWYUUfukc9,https://api.spotify.com/v1/audio-analysis/3Lvtl3M2CVzfmWYUUfukc9,267262,4,3099,What your missing,halfpint16,7898739,299300,-960,,3Lvtl3M2CVzfmWYUUfukc9,6584585491763596037,,,vREah0l3WXJz
Anugerah,45,Syakir Daulay,37,Anugerah,226945,spotify:track:3Nx49c1QYkidqHp2hSZxgC,0.666,0.629,0,-7.127,0,0.0622,0.559,0.0,0.0872,0.921,170.05,audio_features,3Nx49c1QYkidqHp2hSZxgC,spotify:track:3Nx49c1QYkidqHp2hSZxgC,https://api.spotify.com/v1/tracks/3Nx49c1QYkidqHp2hSZxgC,https://api.spotify.com/v1/audio-analysis/3Nx49c1QYkidqHp2hSZxgC,226945,4,3100,Syakir Daulay - Anugerah,Syakir Daulay,6333191,299160,5040,7IyNK3nKV8c,3Nx49c1QYkidqHp2hSZxgC,6864534650602129410,1529025388,1529025387,OEbc37JNHHK7
I JUST WANNA PEN FAN YOU DAI BOR ? (‡∏≠‡πâ‡∏≤‡∏¢‡∏à‡∏±‡∏™‡∏ß‡∏≠‡∏ô‡∏ô‡πà‡∏≤‡πÄ‡∏õ‡πá‡∏ô‡πÅ‡∏ü‡∏ô‡∏¢‡∏π‡πÑ‡∏î‡πâ‡∏ö‡πà ?),50,Singto Numchok,43,I JUST WANNA PEN FAN YOU DAI BOR ? (‡∏≠‡πâ‡∏≤‡∏¢‡∏à‡∏±‡∏™‡∏ß‡∏≠‡∏ô‡∏ô‡πà‡∏≤‡πÄ‡∏õ‡πá‡∏ô‡πÅ‡∏ü‡∏ô‡∏¢‡∏π‡πÑ‡∏î‡πâ‡∏ö‡πà ?),228068,spotify:track:7DLdnWK7OYDsRf7I15Ze0L,0.764,0.566,1,-7.09,0,0.0932,0.12,1.59e-05,0.233,0.827,87.976,audio_features,7DLdnWK7OYDsRf7I15Ze0L,spotify:track:7DLdnWK7OYDsRf7I15Ze0L,https://api.spotify.com/v1/tracks/7DLdnWK7OYDsRf7I15Ze0L,https://api.spotify.com/v1/audio-analysis/7DLdnWK7OYDsRf7I15Ze0L,228068,4,3101,I JUST WANNA PEN FAN YOU DAI BOR ? - ‡∏™‡∏¥‡∏á‡πÇ‡∏ï ‡∏ô‡∏≥‡πÇ‡∏ä‡∏Ñ (‡∏≠‡πâ‡∏≤‡∏¢‡∏à‡∏±‡∏™‡∏ß‡∏≠‡∏ô‡∏ô‡πà‡∏≤‡πÄ‡∏õ‡πá‡∏ô‡πÅ‡∏ü‡∏ô‡∏¢‡∏π‡πÑ‡∏î‡πâ‡∏ö‡πà ?)  [Official MV],‡∏™‡∏¥‡∏á‡πÇ‡∏ï ‡∏ô‡∏≥‡πÇ‡∏ä‡∏Ñ,45820718,299100,-66,Xh89WD3CBEU,7DLdnWK7OYDsRf7I15Ze0L,7023422278243190785,1592144370,1592144089,NkLn4wpeed5d
We Belong Together,71,Ritchie Valens,56,Ritchie Valens,116626,spotify:track:7caj6X6NMX3tlhWnu1du6V,0.684,0.247,5,-13.71,1,0.0281,0.872,0.000166,0.113,0.768,106.522,audio_features,7caj6X6NMX3tlhWnu1du6V,spotify:track:7caj6X6NMX3tlhWnu1du6V,https://api.spotify.com/v1/tracks/7caj6X6NMX3tlhWnu1du6V,https://api.spotify.com/v1/audio-analysis/7caj6X6NMX3tlhWnu1du6V,116627,3,3102,Mariah Carey - We Belong Together [Initial Talk 80s City Lights Remix] @InitialTalk,Ritchie Valens,175261958,299000,-1124,cLN27d5M15s,7caj6X6NMX3tlhWnu1du6V,6977208993949223685,1659821601,1659820899,pPvav58sDDUs
Hadal Ahbek,0,Issam Alnajjar,48,Hadal Ahbek,209684,spotify:track:0ymn3NBfT1W2QW0d7U5kHS,0.806,0.47,4,-9.985,1,0.0307,0.156,0.0,0.0884,0.442,95.003,audio_features,0ymn3NBfT1W2QW0d7U5kHS,spotify:track:0ymn3NBfT1W2QW0d7U5kHS,https://api.spotify.com/v1/tracks/0ymn3NBfT1W2QW0d7U5kHS,https://api.spotify.com/v1/audio-analysis/0ymn3NBfT1W2QW0d7U5kHS,209684,4,3104,Issam Alnajjar - Hadal Ahbek (Performance Video),Issam Alnajjar,45298804,298900,-1500,QqJ9zrY_ITw,0ymn3NBfT1W2QW0d7U5kHS,6876511106592933890,1588015746,1588015182,kbpu2I56cL8s
Keep Showing Up (Motivational Speech),44,Fearless Motivation,52,"Strong Mind, Strong Life (Gym Motivational Speeches)",200464,spotify:track:3NxEnIOkudJhKmcVCoU927,0.44,0.789,5,-8.492,0,0.334,0.0122,0.0,0.176,0.29,120.32,audio_features,3NxEnIOkudJhKmcVCoU927,spotify:track:3NxEnIOkudJhKmcVCoU927,https://api.spotify.com/v1/tracks/3NxEnIOkudJhKmcVCoU927,https://api.spotify.com/v1/audio-analysis/3NxEnIOkudJhKmcVCoU927,200465,4,3107,Keep Showing Up (Motivational Speech),Fearless Motivation,46582054,298700,4640,,3NxEnIOkudJhKmcVCoU927,6786834470600181762,1269999903,1269999856,Lo53si0C86hi
Death (feat. DaBaby),55,Trippie Redd,79,Death (feat. DaBaby),172195,spotify:track:6YfTl5YupXOQBKiJJLrxcw,0.802,0.82,10,-5.969,0,0.146,0.0579,0.0,0.149,0.613,164.005,audio_features,6YfTl5YupXOQBKiJJLrxcw,spotify:track:6YfTl5YupXOQBKiJJLrxcw,https://api.spotify.com/v1/tracks/6YfTl5YupXOQBKiJJLrxcw,https://api.spotify.com/v1/audio-analysis/6YfTl5YupXOQBKiJJLrxcw,172196,4,3108,Trippie Redd - Death (Visualizer) ft. DaBaby,Dababy & Trippie Redd,170145341,298700,-1164,18XQaj7c59M,6YfTl5YupXOQBKiJJLrxcw,6758960939380394758,1486675776,1486675574,Wjn0nOdxuvHW
WWE: The Time Is Now (John Cena),62,WWE,62,WWE: The Time Is Now (John Cena),176791,spotify:track:0wlVropyv3VsqG5HepMfu2,0.442,0.974,8,-4.327,1,0.348,0.0567,1.45e-06,0.12,0.283,174.003,audio_features,0wlVropyv3VsqG5HepMfu2,spotify:track:0wlVropyv3VsqG5HepMfu2,https://api.spotify.com/v1/tracks/0wlVropyv3VsqG5HepMfu2,https://api.spotify.com/v1/audio-analysis/0wlVropyv3VsqG5HepMfu2,176791,4,3109,John Cena and Tha Trademarc - My Time is Now,WWE & John Cena & Tha Trademarc,113302996,298650,1821,1lTZ3IZNUn4,0wlVropyv3VsqG5HepMfu2,6769791894420457474,445878844,445878835,Hxr93HQ1XoMP
Better Off Alone,4,Alice Deejay,59,Who Needs Guitars Anyway?,214883,spotify:track:0pMUR7Uvp6vxlbG0qBFvgM,0.671,0.88,8,-6.149,0,0.0552,0.00181,0.691,0.285,0.782,136.953,audio_features,0pMUR7Uvp6vxlbG0qBFvgM,spotify:track:0pMUR7Uvp6vxlbG0qBFvgM,https://api.spotify.com/v1/tracks/0pMUR7Uvp6vxlbG0qBFvgM,https://api.spotify.com/v1/audio-analysis/0pMUR7Uvp6vxlbG0qBFvgM,214883,4,3110,Alice Deejay - Better Off Alone (Official Video),90s Dance Music,15539882,298600,7974,Lgs9QUtWc3M,0pMUR7Uvp6vxlbG0qBFvgM,6709405937498589186,129898331,129898292,WvXmflTErr26
Jiya Jiya Ho Bihar Ke Lala,27,Mohan Rathod,15,Shahenshaah (Original Motion Picture Soundtrack),270077,spotify:track:67ikq16wO4VtY6VW9ys8XT,0.747,0.956,1,-5.162,1,0.0933,0.208,0.0,0.705,0.944,129.989,audio_features,67ikq16wO4VtY6VW9ys8XT,spotify:track:67ikq16wO4VtY6VW9ys8XT,https://api.spotify.com/v1/tracks/67ikq16wO4VtY6VW9ys8XT,https://api.spotify.com/v1/audio-analysis/67ikq16wO4VtY6VW9ys8XT,270078,4,3113,original sound - Jiya üëëüëëüëë,Biharan girl üë∏,10760090,298400,0,,67ikq16wO4VtY6VW9ys8XT,6731654903913040642,,,nEjgxR4DZ5YC
Sevmedim Deme,60,Kurtulu≈ü Ku≈ü,65,Sevmedim Deme,151235,spotify:track:2NHNe4YiDnp9bMnfrdsfnF,0.653,0.704,7,-7.622,0,0.192,0.202,0.0,0.311,0.739,170.054,audio_features,2NHNe4YiDnp9bMnfrdsfnF,spotify:track:2NHNe4YiDnp9bMnfrdsfnF,https://api.spotify.com/v1/tracks/2NHNe4YiDnp9bMnfrdsfnF,https://api.spotify.com/v1/audio-analysis/2NHNe4YiDnp9bMnfrdsfnF,151235,4,3114,Kurtulu≈ü Ku≈ü & Burak Bulut - Sevmedim Deme,burakbulut & Kurtuluskus,36844358,298400,-305,rbjAilk31Sg,2NHNe4YiDnp9bMnfrdsfnF,6969836886647687169,1570665466,1570665459,dyHkIj3nqZOH
All I Want For Christmas Is You,0,Mariah Carey,75,Merry Christmas II You,242346,spotify:track:4Afwhq3Z3diUZAaNzQSvfL,0.542,0.9,9,-4.586,0,0.0546,0.0738,0.0,0.14,0.395,150.035,audio_features,4Afwhq3Z3diUZAaNzQSvfL,spotify:track:4Afwhq3Z3diUZAaNzQSvfL,https://api.spotify.com/v1/tracks/4Afwhq3Z3diUZAaNzQSvfL,https://api.spotify.com/v1/audio-analysis/4Afwhq3Z3diUZAaNzQSvfL,242347,4,3116,Mariah Carey - All I Want For Christmas Is You (Official Video),Mariah Carey,50522722,298300,-1400,yXQViqx6GMY,4Afwhq3Z3diUZAaNzQSvfL,6751827813612914689,1445727300,1445727176,EAWLURjWPZ4k
Slebew,42,DJ ALENGKA,25,Slebew,285098,spotify:track:2yMGO6c8W0EsBe9XgBYDPH,0.809,0.996,6,-2.6,0,0.0992,0.00023,0.459,0.329,0.688,140.58,audio_features,2yMGO6c8W0EsBe9XgBYDPH,spotify:track:2yMGO6c8W0EsBe9XgBYDPH,https://api.spotify.com/v1/tracks/2yMGO6c8W0EsBe9XgBYDPH,https://api.spotify.com/v1/audio-analysis/2yMGO6c8W0EsBe9XgBYDPH,285098,4,3117,Slebew,DJ ALENGKA,61643821,298200,-1260,9Q0UL4BodYI,2yMGO6c8W0EsBe9XgBYDPH,7067647015190005762,1610940588,1610940587,5eCz93J0dg2T
Don't Let Me Down (feat. Daya) - Illenium Remix,64,The Chainsmokers,78,Don't Let Me Down (Remixes) (feat. Daya),218933,spotify:track:15BlympuVSfZFROojEMY2M,0.428,0.656,11,-3.712,1,0.075,0.0751,0.181,0.15,0.355,79.648,audio_features,15BlympuVSfZFROojEMY2M,spotify:track:15BlympuVSfZFROojEMY2M,https://api.spotify.com/v1/tracks/15BlympuVSfZFROojEMY2M,https://api.spotify.com/v1/audio-analysis/15BlympuVSfZFROojEMY2M,218933,4,3118,Don't Let Me Down (Illenium Remix),Don't Let Me Down Remix,943175,298100,0,f5i7yvgzPUU,15BlympuVSfZFROojEMY2M,107672879,1134092375,1134092126,NHeuibx8it08
‡∏ö‡∏≠‡∏Å‡∏Å‡∏±‡∏ô‡∏´‡∏ô‡πà‡∏≠‡∏¢,5,‡∏ô‡∏¥‡∏• ‡πÅ‡∏ó‡∏°‡∏°‡∏∞‡∏£‡∏¥‡∏ô,22,‡∏ö‡∏≠‡∏Å‡∏Å‡∏±‡∏ô‡∏´‡∏ô‡πà‡∏≠‡∏¢,242181,spotify:track:6HCAUN9x7zokh6yuPL6MFM,0.745,0.602,2,-8.877,1,0.0292,0.236,4.15e-05,0.122,0.262,109.997,audio_features,6HCAUN9x7zokh6yuPL6MFM,spotify:track:6HCAUN9x7zokh6yuPL6MFM,https://api.spotify.com/v1/tracks/6HCAUN9x7zokh6yuPL6MFM,https://api.spotify.com/v1/audio-analysis/6HCAUN9x7zokh6yuPL6MFM,242182,4,3119,‡πÄ‡∏™‡∏µ‡∏¢‡∏á‡∏ï‡πâ‡∏ô‡∏â‡∏ö‡∏±‡∏ö - ‡∏ô‡∏¥‡∏• ‡πÅ‡∏ó‡∏°‡∏°‡∏∞‡∏£‡∏¥‡∏ô,‡∏ô‡∏¥‡∏• ‡πÅ‡∏ó‡∏°‡∏°‡∏∞‡∏£‡∏¥‡∏ô,11693015,297900,-401,,6HCAUN9x7zokh6yuPL6MFM,6764295953945217793,,,mHSMdaccYedx
Obsessed,49,Maggie Lindemann,61,Obsessed,184514,spotify:track:1eN1K7YPRButXU7Mq0V58N,0.822,0.575,6,-4.587,0,0.0464,0.0182,4.45e-05,0.109,0.286,110.028,audio_features,1eN1K7YPRButXU7Mq0V58N,spotify:track:1eN1K7YPRButXU7Mq0V58N,https://api.spotify.com/v1/tracks/1eN1K7YPRButXU7Mq0V58N,https://api.spotify.com/v1/audio-analysis/1eN1K7YPRButXU7Mq0V58N,184515,4,3120,Maggie Lindemann - Obsessed [Official Music Video],Maggie Lindemann,2743189,297200,6700,OGPsw2f_HQk,1eN1K7YPRButXU7Mq0V58N,6503692501906361089,1308233284,1308233278,2u2vSQPHtFBj
Kalpna Devi Geet,21,Kalpna,29,Kalpna Devi Geet,398129,spotify:track:39sE6sak93bTtZ0LEA4ew3,0.637,0.948,0,-7.101,1,0.0482,0.106,0.0,0.242,0.826,134.963,audio_features,39sE6sak93bTtZ0LEA4ew3,spotify:track:39sE6sak93bTtZ0LEA4ew3,https://api.spotify.com/v1/tracks/39sE6sak93bTtZ0LEA4ew3,https://api.spotify.com/v1/audio-analysis/39sE6sak93bTtZ0LEA4ew3,398129,4,3121,original sound -  Kalpana Dwivedi ,Kalpana Dwivedi üëº,18645489,297150,2250,,39sE6sak93bTtZ0LEA4ew3,6748670838842739457,,,LR4DIr5emDF6
Pi√π bella cosa,66,Eros Ramazzotti,68,Dove c'√® musica,265026,spotify:track:0KligwQn4Iy344p2Q5m6k6,0.691,0.76,8,-6.82,1,0.0262,0.0524,0.0,0.217,0.637,110.006,audio_features,0KligwQn4Iy344p2Q5m6k6,spotify:track:0KligwQn4Iy344p2Q5m6k6,https://api.spotify.com/v1/tracks/0KligwQn4Iy344p2Q5m6k6,https://api.spotify.com/v1/audio-analysis/0KligwQn4Iy344p2Q5m6k6,265027,4,3122,Eros Ramazzotti - Pi√π Bella Cosa (Official Video),Eros Ramazzotti,4706030,297100,8200,eTOKcxIujgE,0KligwQn4Iy344p2Q5m6k6,254103894719655936,1308691202,1308691195,uIdE6MiFssPB
–†–∞–Ω–¥–µ–≤—É,36,Artem Pivovarov,50,–†–∞–Ω–¥–µ–≤—É,208747,spotify:track:7cqAkk1HouGX7CchlQbmol,0.809,0.756,0,-5.233,1,0.181,0.0535,0.0115,0.0818,0.612,114.921,audio_features,7cqAkk1HouGX7CchlQbmol,spotify:track:7cqAkk1HouGX7CchlQbmol,https://api.spotify.com/v1/tracks/7cqAkk1HouGX7CchlQbmol,https://api.spotify.com/v1/audio-analysis/7cqAkk1HouGX7CchlQbmol,208747,4,3123,–ê–†–¢–ï–ú –ü–ò–í–û–í–ê–†–û–í - –†–ê–ù–î–ï–í–£ (–ü–†–ï–ú–¨–ï–†–ê –ö–õ–ò–ü–ê 2021),Artem Pivovarov,66670771,297100,-1400,doM429wT_dM,7cqAkk1HouGX7CchlQbmol,6951539949673924610,1561614955,1561614953,GoZPuGHG032N
Write This Down (Instrumental),58,SoulChef,50,Escapism: Instrumentals,188420,spotify:track:7liWX1fWlrWRTqvLVSKC2T,0.826,0.738,10,-4.658,0,0.0444,0.00355,0.939,0.0633,0.782,93.005,audio_features,7liWX1fWlrWRTqvLVSKC2T,spotify:track:7liWX1fWlrWRTqvLVSKC2T,https://api.spotify.com/v1/tracks/7liWX1fWlrWRTqvLVSKC2T,https://api.spotify.com/v1/audio-analysis/7liWX1fWlrWRTqvLVSKC2T,188421,4,3124,SoulChef - Write This Down ( Instrumental ),SoulChef,163635031,297000,8120,dBHj3m96LpI,7liWX1fWlrWRTqvLVSKC2T,6988190007181887489,1096752241,1096752076,XqZSzQvhKbFI
Love My Life,63,Robbie Williams,69,The Heavy Entertainment Show (Deluxe),208320,spotify:track:1YW369EbVyjpeLE3YbsjKQ,0.543,0.686,10,-7.061,1,0.0285,0.00601,5.23e-06,0.133,0.375,95.995,audio_features,1YW369EbVyjpeLE3YbsjKQ,spotify:track:1YW369EbVyjpeLE3YbsjKQ,https://api.spotify.com/v1/tracks/1YW369EbVyjpeLE3YbsjKQ,https://api.spotify.com/v1/audio-analysis/1YW369EbVyjpeLE3YbsjKQ,208320,4,3126,Robbie Williams | Love My Life (Official Video),Robbie‚ÄÇWilliams,5001805,296700,5400,j4ggyO-OFXU,1YW369EbVyjpeLE3YbsjKQ,222455565145419776,1156851556,1156851310,YiFRnMGIkB48
Bounce,61,Cazzu,72,Bonus Trap,133880,spotify:track:3EO0tGvdBCw6vdChaNvVlc,0.869,0.422,1,-8.151,1,0.523,0.0377,0.0,0.253,0.339,138.006,audio_features,3EO0tGvdBCw6vdChaNvVlc,spotify:track:3EO0tGvdBCw6vdChaNvVlc,https://api.spotify.com/v1/tracks/3EO0tGvdBCw6vdChaNvVlc,https://api.spotify.com/v1/audio-analysis/3EO0tGvdBCw6vdChaNvVlc,133880,4,3131,Bounce - Cazzu (3/3 Bonus Trap),Cazzu,40407737,296200,-400,joXI5A8fjVc,3EO0tGvdBCw6vdChaNvVlc,6821094773621786626,1556187352,1556187341,5aYJwrSuvI1Z
La Cumbita,37,Cumbias Sonideras Live,40,"Sonido Pirata, Vol. 1",651697,spotify:track:1WfRuZ1MPriH9yCM205YHN,0.66,0.829,7,-3.08,1,0.338,0.181,0.0,0.345,0.692,90.587,audio_features,1WfRuZ1MPriH9yCM205YHN,spotify:track:1WfRuZ1MPriH9yCM205YHN,https://api.spotify.com/v1/tracks/1WfRuZ1MPriH9yCM205YHN,https://api.spotify.com/v1/audio-analysis/1WfRuZ1MPriH9yCM205YHN,651697,4,3132,sonido original,Itzza Primera,6041367,296100,-835,,1WfRuZ1MPriH9yCM205YHN,6629793039453784838,1678470299,1678470298,A4ey1ylIHEP8
Like Us,52,Ayo & Teo,54,Like Us,220226,spotify:track:01stPT7J3W6Zx45jj1f4nk,0.886,0.567,11,-6.96,1,0.191,0.0165,0.000178,0.103,0.283,140.043,audio_features,01stPT7J3W6Zx45jj1f4nk,spotify:track:01stPT7J3W6Zx45jj1f4nk,https://api.spotify.com/v1/tracks/01stPT7J3W6Zx45jj1f4nk,https://api.spotify.com/v1/audio-analysis/01stPT7J3W6Zx45jj1f4nk,220227,4,3133,Ayo & Teo - Like Us (Audio),Ayo & Teo,2620962,295900,0,HChmle2Wk4o,01stPT7J3W6Zx45jj1f4nk,308788650836656128,1323125911,1323125910,vUUSYDsoqyMj
–°–æ–Ω (Jarico Remix),50,Sam Wick,35,–°–æ–Ω,243360,spotify:track:3x9rtTFzbEpD1ux71Za4q4,0.84,0.633,10,-6.639,0,0.0606,0.0579,0.0546,0.115,0.383,124.97,audio_features,3x9rtTFzbEpD1ux71Za4q4,spotify:track:3x9rtTFzbEpD1ux71Za4q4,https://api.spotify.com/v1/tracks/3x9rtTFzbEpD1ux71Za4q4,https://api.spotify.com/v1/audio-analysis/3x9rtTFzbEpD1ux71Za4q4,243360,4,3134,–°–æ–Ω (Jarico Remix),Sam Wick,32095391,295900,-965,yD3rP1fFMLM,3x9rtTFzbEpD1ux71Za4q4,6717647146776004609,1545728425,1545728424,xrevJFbMsqBy
just wanna rock - Sped Up Version,71,sped up nightcore,75,just wanna rock (Lil Uzi Vert) [Sped Up Version],100383,spotify:track:5BDZ8atcxq0QHGn66YwTwh,0.544,0.546,1,-14.475,1,0.0923,0.0099,0.00027,0.392,0.151,161.76,audio_features,5BDZ8atcxq0QHGn66YwTwh,spotify:track:5BDZ8atcxq0QHGn66YwTwh,https://api.spotify.com/v1/tracks/5BDZ8atcxq0QHGn66YwTwh,https://api.spotify.com/v1/audio-analysis/5BDZ8atcxq0QHGn66YwTwh,100383,4,3135,Lil Uzi Vert - Just Wanna Rock (sped up/TikTok Remix) Lyrics | i just wanna rock body ody ah,Lil Uzi Vert,74451826,295900,-7075,Y2cZH4fgrM0,5BDZ8atcxq0QHGn66YwTwh,7146446566713215786,1648791632,1648791631,SfT1IoHvypSK
Diseluruh Dunia,46,Nisya Ahmad,25,Diseluruh Dunia,258440,spotify:track:5XYtPg2CiiUbusZFhY3Niw,0.46,0.422,0,-7.035,1,0.0243,0.76,0.0,0.164,0.236,81.972,audio_features,5XYtPg2CiiUbusZFhY3Niw,spotify:track:5XYtPg2CiiUbusZFhY3Niw,https://api.spotify.com/v1/tracks/5XYtPg2CiiUbusZFhY3Niw,https://api.spotify.com/v1/audio-analysis/5XYtPg2CiiUbusZFhY3Niw,258440,4,3136,Nisya Ahmad - Di Seluruh Dunia (Official Lyric),Nisya Ahmad,83194901,295500,3500,9NrcRVYmlHU,5XYtPg2CiiUbusZFhY3Niw,6756544140227381250,,,vnsIjN7uGdbY
–ú–Ø–¢–û–ô - remix 2010,6,–ö–û–°–ú–û–ù–ê–í–¢–û–í –ù–ï–¢,38,1+1=11,184623,spotify:track:0ZGHCIFlJWqwB4TpG8LFbe,0.689,0.753,11,-7.748,0,0.252,0.00172,6.1e-05,0.138,0.663,127.978,audio_features,0ZGHCIFlJWqwB4TpG8LFbe,spotify:track:0ZGHCIFlJWqwB4TpG8LFbe,https://api.spotify.com/v1/tracks/0ZGHCIFlJWqwB4TpG8LFbe,https://api.spotify.com/v1/audio-analysis/0ZGHCIFlJWqwB4TpG8LFbe,184624,4,3137,–ú–Ø–¢–û–ô (Remix 2010),–ö–û–°–ú–û–ù–ê–í–¢–û–í –ù–ï–¢,56223861,294970,-2080,fexnijxAq6o,0ZGHCIFlJWqwB4TpG8LFbe,6883815952903833601,1534569429,1534568973,yAwsOiVnfFrz
Dios Mio,0,Lexis Saint,1,Dios Mio,164300,spotify:track:7EDIQjEpcKjhx0yvVSOlF7,0.466,0.835,7,-7.603,1,0.339,0.00952,0.0,0.204,0.511,182.611,audio_features,7EDIQjEpcKjhx0yvVSOlF7,spotify:track:7EDIQjEpcKjhx0yvVSOlF7,https://api.spotify.com/v1/tracks/7EDIQjEpcKjhx0yvVSOlF7,https://api.spotify.com/v1/audio-analysis/7EDIQjEpcKjhx0yvVSOlF7,164301,5,3138,original sound,Alexandra Stojack,80199270,294900,-1400,,7EDIQjEpcKjhx0yvVSOlF7,6741285143991962373,,,ziR5Ndjdxg6E
‡πÉ‡∏à‡∏õ‡∏£‡∏∞‡∏™‡∏á‡∏Ñ‡πå‡∏≠‡πâ‡∏≤‡∏¢,34,‡πÄ‡∏ô‡∏¢ ‡∏ç‡∏≤‡∏î‡∏≤,15,‡πÉ‡∏à‡∏õ‡∏£‡∏∞‡∏™‡∏á‡∏Ñ‡πå‡∏≠‡πâ‡∏≤‡∏¢,288000,spotify:track:5wmVbWAZNzEQCsmMOkl2f7,0.731,0.655,0,-6.318,0,0.0473,0.569,3.7e-06,0.219,0.666,120.042,audio_features,5wmVbWAZNzEQCsmMOkl2f7,spotify:track:5wmVbWAZNzEQCsmMOkl2f7,https://api.spotify.com/v1/tracks/5wmVbWAZNzEQCsmMOkl2f7,https://api.spotify.com/v1/audio-analysis/5wmVbWAZNzEQCsmMOkl2f7,288000,4,3139,‡πÉ‡∏à‡∏õ‡∏£‡∏∞‡∏™‡∏á‡∏Ñ‡πå‡∏≠‡πâ‡∏≤‡∏¢ - ‡πÄ‡∏ô‡∏¢ ‡∏ç‡∏≤‡∏î‡∏≤ | ‡ªÉ‡∫à‡∫õ‡∫∞‡∫™‡∫ª‡∫á‡∫≠‡ªâ‡∫≤‡∫ç - ‡ªÄ‡∫ô‡∫µ‡∫ç ‡∫ç‡∫≤‡∫î‡∫≤„ÄêOFFICIAL MV„Äë,‡πÄ‡∏ô‡∏¢ ‡∏ç‡∏≤‡∏î‡∏≤,19129388,294700,2520,riN6G675Sac,5wmVbWAZNzEQCsmMOkl2f7,6959141958275041282,,,X0NTwfxn4POM
Mean,48,$NOT,68,Mean,124986,spotify:track:4gncrdopojb9Xe8KoNXKGY,0.836,0.726,1,-7.616,0,0.291,0.254,0.0,0.0884,0.611,99.992,audio_features,4gncrdopojb9Xe8KoNXKGY,spotify:track:4gncrdopojb9Xe8KoNXKGY,https://api.spotify.com/v1/tracks/4gncrdopojb9Xe8KoNXKGY,https://api.spotify.com/v1/audio-analysis/4gncrdopojb9Xe8KoNXKGY,124987,4,3140,$NOT - Mean ft. Flo Milli (Directed by Cole Bennett),$NOT & Flomilli,167544942,294600,-1934,c-Z4me0FIVw,4gncrdopojb9Xe8KoNXKGY,6900010125709413125,1534905845,1534905835,MXEI4LS3dqam
Stefania (Kalush Orchestra),0,KALUSH,55,Stefania (Kalush Orchestra),179714,spotify:track:0unPBMjVwn0HpWget3DBze,0.832,0.817,2,-5.182,1,0.0422,0.145,0.00169,0.113,0.324,104.976,audio_features,0unPBMjVwn0HpWget3DBze,spotify:track:0unPBMjVwn0HpWget3DBze,https://api.spotify.com/v1/tracks/0unPBMjVwn0HpWget3DBze,https://api.spotify.com/v1/audio-analysis/0unPBMjVwn0HpWget3DBze,179714,4,3141,Kalush Orchestra - Stefania (Official Video Eurovision 2022),KALUSH,51665241,294600,-2450,Z8Z51no1TD0,0unPBMjVwn0HpWget3DBze,7060154433442859010,1608206464,1608206457,aZPJ3fvlnfZ1
Chill Day,56,LAKEY INSPIRED,49,Chill Day,186070,spotify:track:5dTiWDCLrInxfUwhLQZ5Em,0.722,0.386,11,-7.658,0,0.0541,0.0854,0.943,0.0973,0.385,160.003,audio_features,5dTiWDCLrInxfUwhLQZ5Em,spotify:track:5dTiWDCLrInxfUwhLQZ5Em,https://api.spotify.com/v1/tracks/5dTiWDCLrInxfUwhLQZ5Em,https://api.spotify.com/v1/audio-analysis/5dTiWDCLrInxfUwhLQZ5Em,186070,4,3142,LAKEY INSPIRED - Chill Day,LAKEY INSPIRED,56143138,294500,27600,3HjG1Y4QpVA,5dTiWDCLrInxfUwhLQZ5Em,6756177818679265281,1370620271,1370619927,Bqjwq9xyF2BL
Con √âl,65,Jenni Rivera,67,Jenni,226950,spotify:track:7aCLtSlkFRMiPycFEEhLFA,0.751,0.526,4,-3.218,1,0.0351,0.662,0.0,0.253,0.837,100.099,audio_features,7aCLtSlkFRMiPycFEEhLFA,spotify:track:7aCLtSlkFRMiPycFEEhLFA,https://api.spotify.com/v1/tracks/7aCLtSlkFRMiPycFEEhLFA,https://api.spotify.com/v1/audio-analysis/7aCLtSlkFRMiPycFEEhLFA,226950,4,3143,Con √âl,jennirivera,26839378,294200,4200,allBoJ_Ezys,7aCLtSlkFRMiPycFEEhLFA,6991603776419318533,811681903,811679881,r3X85k0S2wT0
TV,87,Billie Eilish,87,Guitar Songs,281380,spotify:track:3GYlZ7tbxLOxe6ewMNVTkw,0.412,0.236,4,-15.159,0,0.0379,0.83,0.00653,0.147,0.119,140.214,audio_features,3GYlZ7tbxLOxe6ewMNVTkw,spotify:track:3GYlZ7tbxLOxe6ewMNVTkw,https://api.spotify.com/v1/tracks/3GYlZ7tbxLOxe6ewMNVTkw,https://api.spotify.com/v1/audio-analysis/3GYlZ7tbxLOxe6ewMNVTkw,281381,4,3144,Billie Eilish - TV (Official Lyric Video),BILLIE EILISH,273275394,294200,2800,_JGGLJMpVks,3GYlZ7tbxLOxe6ewMNVTkw,7122866954129393666,1635388718,1635388716,KpDZE6wG3j9W
Hotel Room Service,76,Pitbull,81,Pitbull Starring In Rebelution,237640,spotify:track:6Rb0ptOEjBjPPQUlQtQGbL,0.851,0.629,1,-8.385,1,0.175,0.00705,0.000372,0.0746,0.789,125.984,audio_features,6Rb0ptOEjBjPPQUlQtQGbL,spotify:track:6Rb0ptOEjBjPPQUlQtQGbL,https://api.spotify.com/v1/tracks/6Rb0ptOEjBjPPQUlQtQGbL,https://api.spotify.com/v1/audio-analysis/6Rb0ptOEjBjPPQUlQtQGbL,237640,4,3145,Pitbull - Hotel Room Service (Official Video),Pitbull,163304788,294200,-80,2up_Eq6r6Ko,6Rb0ptOEjBjPPQUlQtQGbL,6794096335151811334,334664354,334664327,ClSbRuJ3Kmfb
Gasolina,88,Daddy Yankee,86,Barrio Fino (Bonus Track Version),192600,spotify:track:228BxWXUYQPJrJYHDLOHkj,0.852,0.797,0,-6.543,1,0.0614,0.322,2.69e-06,0.0845,0.741,96.008,audio_features,228BxWXUYQPJrJYHDLOHkj,spotify:track:228BxWXUYQPJrJYHDLOHkj,https://api.spotify.com/v1/tracks/228BxWXUYQPJrJYHDLOHkj,https://api.spotify.com/v1/audio-analysis/228BxWXUYQPJrJYHDLOHkj,192600,4,3147,Daddy Yankee - Gasolina (Video Oficial),daddyyankee,79368868,294100,7176,CCF1_jI8Prk,228BxWXUYQPJrJYHDLOHkj,186098346120556544,1586112418,1586112407,6zs7nwQBRakd
Aeroplane,32,Vibhor Parashar,13,Aeroplane,162285,spotify:track:3NaFG4tJEn8YItRVH9bMSJ,0.75,0.642,0,-6.308,1,0.267,0.193,0.0,0.281,0.57,104.952,audio_features,3NaFG4tJEn8YItRVH9bMSJ,spotify:track:3NaFG4tJEn8YItRVH9bMSJ,https://api.spotify.com/v1/tracks/3NaFG4tJEn8YItRVH9bMSJ,https://api.spotify.com/v1/audio-analysis/3NaFG4tJEn8YItRVH9bMSJ,162286,4,3148,AEROPLANE - Mr. Faisu & Jannat Zubair | Vibhor Parashar | Rajat Nagpal | Anshul Garg,Vibhor Parashar,21003751,293800,200,xCBF6mvSDZc,3NaFG4tJEn8YItRVH9bMSJ,6808058417173809922,,,E8Ep7txWNt0n
Fendi - Remix,24,R3HAB,75,Fendi (Remix),230731,spotify:track:4Vwej4cUuuTqymVSzl3oCX,0.899,0.812,1,-3.966,1,0.0632,0.025,0.0,0.0701,0.306,122.989,audio_features,4Vwej4cUuuTqymVSzl3oCX,spotify:track:4Vwej4cUuuTqymVSzl3oCX,https://api.spotify.com/v1/tracks/4Vwej4cUuuTqymVSzl3oCX,https://api.spotify.com/v1/audio-analysis/4Vwej4cUuuTqymVSzl3oCX,230732,4,3149,"R3HAB & Rakhim & Smokepurpp - Fendi (feat. Ian, Azteca & Killa Fonic) (Remix)",Rakhim,66350878,293800,-1236,zUVDH0eqpv8,4Vwej4cUuuTqymVSzl3oCX,6882299814084659969,,,taVrlukwKtty
Breathe,53,ZABO,38,Breathe,199200,spotify:track:1ME8Thb5mDmBYTI3I5f3uJ,0.561,0.547,5,-5.345,0,0.0825,0.0622,0.874,0.149,0.202,99.982,audio_features,1ME8Thb5mDmBYTI3I5f3uJ,spotify:track:1ME8Thb5mDmBYTI3I5f3uJ,https://api.spotify.com/v1/tracks/1ME8Thb5mDmBYTI3I5f3uJ,https://api.spotify.com/v1/audio-analysis/1ME8Thb5mDmBYTI3I5f3uJ,199200,4,3152,ZABO - Breathe,ZABO,65378262,293450,1215,eCpt-mi0P9A,1ME8Thb5mDmBYTI3I5f3uJ,6862996184869406722,1434776894,1434776891,1Jyiu7N1W8Ds
‡πÅ‡∏ü‡∏ô‡∏ó‡∏µ‡πà‡πÅ‡∏¢‡πà ‡πÅ‡∏ï‡πà‡∏£‡∏±‡∏Å‡∏ó‡∏µ‡πà‡∏™‡∏∏‡∏î,32,‡∏ß‡∏∏‡∏í‡∏¥ ‡∏õ‡πà‡∏≤‡∏ö‡∏≠‡∏ô ‡∏û‡∏≤‡∏£‡∏≤‡∏Æ‡∏±‡∏ó,25,‡πÅ‡∏ü‡∏ô‡∏ó‡∏µ‡πà‡πÅ‡∏¢‡πà ‡πÅ‡∏ï‡πà‡∏£‡∏±‡∏Å‡∏ó‡∏µ‡πà‡∏™‡∏∏‡∏î,365454,spotify:track:1d2tXothnai3bBIJdqDmZ9,0.481,0.579,7,-7.202,1,0.0294,0.24,0.0,0.117,0.313,131.659,audio_features,1d2tXothnai3bBIJdqDmZ9,spotify:track:1d2tXothnai3bBIJdqDmZ9,https://api.spotify.com/v1/tracks/1d2tXothnai3bBIJdqDmZ9,https://api.spotify.com/v1/audio-analysis/1d2tXothnai3bBIJdqDmZ9,365455,4,3153,‡πÅ‡∏ü‡∏ô‡∏ó‡∏µ‡πà‡πÅ‡∏¢‡πà ‡πÅ‡∏ï‡πà‡∏£‡∏±‡∏Å‡∏ó‡∏µ‡πà‡∏™‡∏∏‡∏î - ‡∏ß‡∏∏‡∏í‡∏¥ ‡∏õ‡πà‡∏≤‡∏ö‡∏≠‡∏ô„ÄêOFFICIAL MV„Äë,‡∏ß‡∏∏‡∏í‡∏¥ ‡∏õ‡πà‡∏≤‡∏ö‡∏≠‡∏ô ‡∏û‡∏≤‡∏£‡∏≤‡∏Æ‡∏±‡∏ó,11465718,293396,893,kK9bnFsQESM,1d2tXothnai3bBIJdqDmZ9,6944339792865347585,602066169,602066050,ByfB1VheSuXe
Me adota (Participa√ß√£o especial de MC Mirella),42,Sandro e C√≠cero,29,Me adota (Participa√ß√£o especial de MC Mirella),165814,spotify:track:6E8E3reNGtkSjqbgZlooFA,0.733,0.735,11,-4.21,1,0.129,0.223,0.0,0.185,0.917,156.987,audio_features,6E8E3reNGtkSjqbgZlooFA,spotify:track:6E8E3reNGtkSjqbgZlooFA,https://api.spotify.com/v1/tracks/6E8E3reNGtkSjqbgZlooFA,https://api.spotify.com/v1/audio-analysis/6E8E3reNGtkSjqbgZlooFA,165815,5,3155,Sandro e C√≠cero - Me Adota feat. MC Mirella (Clipe Oficial),Mc Mirella,7048324,293200,11000,HVnCfUFziEk,6E8E3reNGtkSjqbgZlooFA,6967465608417904641,,,f2C6AfZKztWJ
I'll Be There for You - TV Version with Dialogue,42,The Rembrandts,51,Friends Soundtrack,92386,spotify:track:6IWbIBiYAdmk67Tgt8kjmA,0.384,0.723,11,-7.939,0,0.823,0.227,0.0,0.674,0.517,188.179,audio_features,6IWbIBiYAdmk67Tgt8kjmA,spotify:track:6IWbIBiYAdmk67Tgt8kjmA,https://api.spotify.com/v1/tracks/6IWbIBiYAdmk67Tgt8kjmA,https://api.spotify.com/v1/audio-analysis/6IWbIBiYAdmk67Tgt8kjmA,92387,4,3156,I'll Be There for You (TV Version with Dialogue),The Rembrandts,93131830,293200,2250,64cjM6VL-OI,6IWbIBiYAdmk67Tgt8kjmA,225205863765221376,318037502,318037497,meRYdc18y1CS
Cinta Terakhirku - Piano Version,43,Bagas Ran,39,Cinta Terakhirku - Piano Version,258872,spotify:track:4hvbcoxNrdnzTWwxQBSltr,0.534,0.198,7,-12.832,1,0.0316,0.918,0.000154,0.0992,0.451,76.517,audio_features,4hvbcoxNrdnzTWwxQBSltr,spotify:track:4hvbcoxNrdnzTWwxQBSltr,https://api.spotify.com/v1/tracks/4hvbcoxNrdnzTWwxQBSltr,https://api.spotify.com/v1/audio-analysis/4hvbcoxNrdnzTWwxQBSltr,258873,3,3157,Bagas Ran - Cinta Terakhirku (Piano Version),Bagasran,42810738,293100,2783,-F92KXrftG0,4hvbcoxNrdnzTWwxQBSltr,6973727771428128770,1572307937,1572307931,mKfB9QjeILOw
Star Wars - The Imperial March Theme,24,Geek Music,60,Star Wars - The Imperial March Theme,178413,spotify:track:4Yw5euTlZpWyNkSBwxcSPB,0.567,0.379,7,-12.525,0,0.027,0.719,0.899,0.0848,0.189,103.933,audio_features,4Yw5euTlZpWyNkSBwxcSPB,spotify:track:4Yw5euTlZpWyNkSBwxcSPB,https://api.spotify.com/v1/tracks/4Yw5euTlZpWyNkSBwxcSPB,https://api.spotify.com/v1/audio-analysis/4Yw5euTlZpWyNkSBwxcSPB,180621,4,3158,Star Wars - The Imperial March Theme,Geek Music,60280512,292900,5031,,4Yw5euTlZpWyNkSBwxcSPB,6891415687433029634,,,k7dn6Rub21VL
Single Man Ako,22,Kill eye,11,Single Man Ako,272222,spotify:track:3TmyxOfVJ8QTDzskKIiOBN,0.586,0.486,1,-10.588,1,0.0315,0.163,0.0,0.134,0.34,163.987,audio_features,3TmyxOfVJ8QTDzskKIiOBN,spotify:track:3TmyxOfVJ8QTDzskKIiOBN,https://api.spotify.com/v1/tracks/3TmyxOfVJ8QTDzskKIiOBN,https://api.spotify.com/v1/audio-analysis/3TmyxOfVJ8QTDzskKIiOBN,272222,4,3159,Single Man Ako - Kill eye Ft. Stephen Cupay OFFICIAL MUSIC VIDEO (LC Beats),Kill eye,1974431,292900,4350,ENGnB_onEZY,3TmyxOfVJ8QTDzskKIiOBN,6928150943264180226,,,6pZsrDN4nm78
Break My Stride,60,Matthew Wilder,56,'80s Pop Hits,180240,spotify:track:2ZqT3GcisHUBsEaqhLGHwU,0.901,0.654,10,-10.15,1,0.0655,0.2,0.0,0.165,0.781,110.131,audio_features,2ZqT3GcisHUBsEaqhLGHwU,spotify:track:2ZqT3GcisHUBsEaqhLGHwU,https://api.spotify.com/v1/tracks/2ZqT3GcisHUBsEaqhLGHwU,https://api.spotify.com/v1/audio-analysis/2ZqT3GcisHUBsEaqhLGHwU,180240,4,3160,Matthew Wilder - Break My Stride (Lyrics),matthew wilder,193338298,292600,-650,F8pL7a0Qzjs,2ZqT3GcisHUBsEaqhLGHwU,6780351840790792966,318675502,318675016,yQsXYzdq9qsq
Tukoh Taka - Official FIFA Fan Festival‚Ñ¢ Anthem,43,Nicki Minaj,86,FIFA World Cup Qatar 2022‚Ñ¢ (Official Soundtrack),178529,spotify:track:6NJeiMAZRO8u4V1Sy83ZZV,0.963,0.905,7,-4.074,1,0.111,0.646,0.0853,0.107,0.628,123.998,audio_features,6NJeiMAZRO8u4V1Sy83ZZV,spotify:track:6NJeiMAZRO8u4V1Sy83ZZV,https://api.spotify.com/v1/tracks/6NJeiMAZRO8u4V1Sy83ZZV,https://api.spotify.com/v1/audio-analysis/6NJeiMAZRO8u4V1Sy83ZZV,178530,4,3161,"TUKOH TAKA by Nicki Minaj, Maluma, Myriam Fares | Zumba | TML Crew Fritz Tibay",Nicki Minaj & Juan Luis,191704712,292500,-2162,ldhPcL8h9zM,6NJeiMAZRO8u4V1Sy83ZZV,7164612486564415489,1653032710,1653032708,bKFmpAaV3za1
Red Kingdom,61,Tech N9ne,67,Red Kingdom,141714,spotify:track:5buj0D6E7rCRFi3xV9STYo,0.804,0.666,9,-5.41,0,0.0646,0.366,0.0,0.106,0.32,100.042,audio_features,5buj0D6E7rCRFi3xV9STYo,spotify:track:5buj0D6E7rCRFi3xV9STYo,https://api.spotify.com/v1/tracks/5buj0D6E7rCRFi3xV9STYo,https://api.spotify.com/v1/audio-analysis/5buj0D6E7rCRFi3xV9STYo,141715,4,3162,Tech N9ne - Red Kingdom | Official Audio,Tech N9ne,87374966,292468,346,FowoI-Dv0io,5buj0D6E7rCRFi3xV9STYo,6848387203412805633,1497362770,1497362767,zmFRGR1HIrQt
VIVIR AS√ç ES MORIR DE AMOR,68,NATHY PELUSO,65,VIVIR AS√ç ES MORIR DE AMOR,257379,spotify:track:75HnDKDqsmEzdOKFWe5FZS,0.62,0.803,5,-5.514,0,0.0536,0.0881,0.000155,0.1,0.717,102.0,audio_features,75HnDKDqsmEzdOKFWe5FZS,spotify:track:75HnDKDqsmEzdOKFWe5FZS,https://api.spotify.com/v1/tracks/75HnDKDqsmEzdOKFWe5FZS,https://api.spotify.com/v1/audio-analysis/75HnDKDqsmEzdOKFWe5FZS,257380,4,3163,NATHY PELUSO - VIVIR AS√ç ES MORIR DE AMOR (Video Oficial),Nathy Peluso,94364913,292200,-68,o3766wFOG_Q,75HnDKDqsmEzdOKFWe5FZS,7035018577140779009,1597512992,1597512989,uo4akZFQlzof
—Ç–ø–º,5,–ö–û–°–ú–û–ù–ê–í–¢–û–í –ù–ï–¢,38,1+1=11,82695,spotify:track:2UxHaQdCaLxLMsVWOHg72M,0.774,0.293,7,-12.824,1,0.0472,0.866,0.0307,0.136,0.556,140.149,audio_features,2UxHaQdCaLxLMsVWOHg72M,spotify:track:2UxHaQdCaLxLMsVWOHg72M,https://api.spotify.com/v1/tracks/2UxHaQdCaLxLMsVWOHg72M,https://api.spotify.com/v1/audio-analysis/2UxHaQdCaLxLMsVWOHg72M,82695,4,3164,—Ç–ø–º,–ö–û–°–ú–û–ù–ê–í–¢–û–í –ù–ï–¢,67609177,291900,-1950,,2UxHaQdCaLxLMsVWOHg72M,6883815959316924417,1534569342,1534568973,wgRDwGW2HPuQ
"All I Want - From ""High School Musical: The Musical: The Series""",40,Olivia Rodrigo,84,Best of High School Musical: The Musical: The Series,177322,spotify:track:0qPCCYNKg636mBmz9qOIw2,0.375,0.43,0,-6.585,0,0.0328,0.0915,0.0,0.0912,0.13,77.599,audio_features,0qPCCYNKg636mBmz9qOIw2,spotify:track:0qPCCYNKg636mBmz9qOIw2,https://api.spotify.com/v1/tracks/0qPCCYNKg636mBmz9qOIw2,https://api.spotify.com/v1/audio-analysis/0qPCCYNKg636mBmz9qOIw2,177323,3,3165,Olivia Rodrigo - All I Want (Official Video),Olivia Rodrigo,219805100,291800,124,OOgvDiXl6hA,0qPCCYNKg636mBmz9qOIw2,6865122194381342721,1485659134,1485659112,PFlW4Nj8BDxO
we fell in love in october,8,girl in red,72,we fell in love in october / forget her,184153,spotify:track:1BYZxKSf0aTxp8ZFoeyM3d,0.566,0.366,7,-12.808,1,0.028,0.113,0.181,0.155,0.237,129.959,audio_features,1BYZxKSf0aTxp8ZFoeyM3d,spotify:track:1BYZxKSf0aTxp8ZFoeyM3d,https://api.spotify.com/v1/tracks/1BYZxKSf0aTxp8ZFoeyM3d,https://api.spotify.com/v1/audio-analysis/1BYZxKSf0aTxp8ZFoeyM3d,184154,4,3166,girl in red - we fell in love in october,girl in red,94391176,291800,-2530,iggmiF7DNoM,1BYZxKSf0aTxp8ZFoeyM3d,6711980022204205826,1441416638,1441416633,dZeq3K3CCXV3
Salƒ±na Salƒ±na,0,Velet,62,Salƒ±na Salƒ±na,162132,spotify:track:38pi1wskaJvgdR27JT1Ooe,0.474,0.673,2,-5.42,0,0.117,0.698,0.0,0.125,0.621,84.599,audio_features,38pi1wskaJvgdR27JT1Ooe,spotify:track:38pi1wskaJvgdR27JT1Ooe,https://api.spotify.com/v1/tracks/38pi1wskaJvgdR27JT1Ooe,https://api.spotify.com/v1/audio-analysis/38pi1wskaJvgdR27JT1Ooe,162132,4,3169,Velet - Salƒ±na Salƒ±na,velet,19473724,291486,-482,XxCFvfFEVAk,38pi1wskaJvgdR27JT1Ooe,6794819589940185090,,,N920gGYZxatv
Peace Be Upon You,57,Maher Zain,65,One,271396,spotify:track:0X8GMqB5mrodVgL8HMZfNm,0.489,0.374,9,-7.093,1,0.0331,0.911,0.0,0.138,0.498,114.165,audio_features,0X8GMqB5mrodVgL8HMZfNm,spotify:track:0X8GMqB5mrodVgL8HMZfNm,https://api.spotify.com/v1/tracks/0X8GMqB5mrodVgL8HMZfNm,https://api.spotify.com/v1/audio-analysis/0X8GMqB5mrodVgL8HMZfNm,271397,4,3173,Maher Zain -  Peace Be Upon You | ŸÖÿßŸáÿ± ÿ≤ŸäŸÜ - ÿπŸÑŸäŸÉ ÿµŸÑŸâ ÿßŸÑŸÑŸá (Official Music Video),Maher Zain,62851410,291100,3975,pZxFZNRHbZ4,0X8GMqB5mrodVgL8HMZfNm,250056525623332864,1110823788,1110823438,G9zeKGojphQn
Funk do P√£o de Queijo,63,Bolofofos,53,M√∫sicas Infantis,146624,spotify:track:7o6SS0Blsf4zST2GFC5wdC,0.963,0.765,6,-4.966,1,0.229,0.0826,0.000258,0.102,0.88,124.008,audio_features,7o6SS0Blsf4zST2GFC5wdC,spotify:track:7o6SS0Blsf4zST2GFC5wdC,https://api.spotify.com/v1/tracks/7o6SS0Blsf4zST2GFC5wdC,https://api.spotify.com/v1/audio-analysis/7o6SS0Blsf4zST2GFC5wdC,146625,4,3174,FUNK do P√£o de Queijo | Bolofofos,Bolofofos,6050665,291100,-840,1BZ5s6BcvKg,7o6SS0Blsf4zST2GFC5wdC,6814231982365476865,,,JCI6iZ6ANSTK
Gu - Cukak Remix,0,Freaky,39,Gu (Cukak Remix),177710,spotify:track:3Oc71qCaXIbzJtGtX9VE7x,0.84,0.728,1,-8.476,1,0.0494,0.164,0.0728,0.317,0.966,128.005,audio_features,3Oc71qCaXIbzJtGtX9VE7x,spotify:track:3Oc71qCaXIbzJtGtX9VE7x,https://api.spotify.com/v1/tracks/3Oc71qCaXIbzJtGtX9VE7x,https://api.spotify.com/v1/audio-analysis/3Oc71qCaXIbzJtGtX9VE7x,177711,4,3176,Gu - Freaky ft. Seachains„ÄåCukak Remix„Äç/ Audio Lyrics,"Freaky, Seachains",68411293,290900,3120,VI47bTJaMe4,3Oc71qCaXIbzJtGtX9VE7x,6981389529152310043,1576332102,1576332100,Af1PJen1KOOQ
Across The Void,33,Guillaume David,41,IXION (Original Soundtrack),260799,spotify:track:5n3ZbJ8EMiOOhIhYKdiar9,0.359,0.479,5,-11.897,0,0.0405,0.687,0.957,0.0846,0.0646,73.04,audio_features,5n3ZbJ8EMiOOhIhYKdiar9,spotify:track:5n3ZbJ8EMiOOhIhYKdiar9,https://api.spotify.com/v1/tracks/5n3ZbJ8EMiOOhIhYKdiar9,https://api.spotify.com/v1/audio-analysis/5n3ZbJ8EMiOOhIhYKdiar9,260800,4,3177,original sound,void,1785601,290900,0,,5n3ZbJ8EMiOOhIhYKdiar9,208342360097902592,,,LoGxKZ0dSB4O
DJ Jodohku (Remix),31,Lbdjs,33,"Lagu Remix Indonesia Terbaru, Vol. 1",541335,spotify:track:6IvE8ODEYoZNSjxsArypha,0.665,0.967,4,-3.4,0,0.0672,0.00112,0.000195,0.306,0.794,179.99,audio_features,6IvE8ODEYoZNSjxsArypha,spotify:track:6IvE8ODEYoZNSjxsArypha,https://api.spotify.com/v1/tracks/6IvE8ODEYoZNSjxsArypha,https://api.spotify.com/v1/audio-analysis/6IvE8ODEYoZNSjxsArypha,541336,4,3178,Dj JODOHKU Remix Tiktok Viral [ dj remix Terbaru 2021 ]  bersamamu kurasakan bahagia Tiktok,Lbdjs,8493270,290800,-560,dEwGjzSz9MM,6IvE8ODEYoZNSjxsArypha,6774137436667643905,1488090009,1488089900,SSJWyQ3X28hF
Giddy Up Let's Ride (Radio Edit),23,Kinsui,6,Giddy Up Let's Ride - EP,211106,spotify:track:2GYbqQU8yowfxud76Dn077,0.797,0.761,6,-10.373,0,0.153,0.00118,0.00235,0.217,0.558,148.237,audio_features,2GYbqQU8yowfxud76Dn077,spotify:track:2GYbqQU8yowfxud76Dn077,https://api.spotify.com/v1/tracks/2GYbqQU8yowfxud76Dn077,https://api.spotify.com/v1/audio-analysis/2GYbqQU8yowfxud76Dn077,211107,4,3179,Giddy Up Let's Ride (Radio Edit),Kinsu,97841804,290700,-1500,9yOTvMRE40w,2GYbqQU8yowfxud76Dn077,6914959998422353921,311268523,311268520,rfcl5pC9lXvv
Free Fire Lobby: Original,42,Garena Free Fire,58,Garena Free Fire Classic (Original Game Soundtrack),66206,spotify:track:2SPoHePxAbIeEE3zANNbis,0.733,0.473,10,-14.206,1,0.0296,0.00245,0.96,0.286,0.48,115.973,audio_features,2SPoHePxAbIeEE3zANNbis,spotify:track:2SPoHePxAbIeEE3zANNbis,https://api.spotify.com/v1/tracks/2SPoHePxAbIeEE3zANNbis,https://api.spotify.com/v1/audio-analysis/2SPoHePxAbIeEE3zANNbis,66207,4,3182,Free Fire Lobby: Original,Garena Free Fire,108723804,290250,6907,OUfnXyECAp0,2SPoHePxAbIeEE3zANNbis,6802865308601157634,,,RjGmNzmrrTRN
Red Nose,0,Sage The Gemini,61,Remember Me,193200,spotify:track:1PhmFufQowjegRYc4jAqOq,0.859,0.46,11,-5.699,0,0.123,0.413,0.0,0.233,0.761,97.513,audio_features,1PhmFufQowjegRYc4jAqOq,spotify:track:1PhmFufQowjegRYc4jAqOq,https://api.spotify.com/v1/tracks/1PhmFufQowjegRYc4jAqOq,https://api.spotify.com/v1/audio-analysis/1PhmFufQowjegRYc4jAqOq,193200,4,3183,Sage The Gemini - Red Nose (Official Video),globalgemini,36565257,290200,-1400,-I-YY5p0uq8,1PhmFufQowjegRYc4jAqOq,6728290682806569733,1434889060,1434889049,e4t3AV5ffWQp
DJ Dengarkanlah Di Sepanjang Malam Aku Bedoa,33,Bulqen Music,21,DJ Dengarkanlah Di Sepanjang Malam Aku Bedoa,186357,spotify:track:5ruKS4n65jzxdcHA1KgEAA,0.79,0.858,9,-3.513,0,0.0359,0.0177,0.00581,0.316,0.929,132.011,audio_features,5ruKS4n65jzxdcHA1KgEAA,spotify:track:5ruKS4n65jzxdcHA1KgEAA,https://api.spotify.com/v1/tracks/5ruKS4n65jzxdcHA1KgEAA,https://api.spotify.com/v1/audio-analysis/5ruKS4n65jzxdcHA1KgEAA,186358,4,3184,DJ Dengarkanlah Di Sepanjang Malam Aku Bedoa,Bulqen Music,4084153,290200,-1400,jrjvIGuyQYc,5ruKS4n65jzxdcHA1KgEAA,7062813880795301890,,,33y6z285lcDn
El Mismo Aire,67,Camilo,77,Por Primera Vez,186255,spotify:track:3a29UVSEIj6x3YcfKs2rdi,0.494,0.456,0,-6.011,0,0.362,0.558,0.0,0.238,0.675,145.606,audio_features,3a29UVSEIj6x3YcfKs2rdi,spotify:track:3a29UVSEIj6x3YcfKs2rdi,https://api.spotify.com/v1/tracks/3a29UVSEIj6x3YcfKs2rdi,https://api.spotify.com/v1/audio-analysis/3a29UVSEIj6x3YcfKs2rdi,186256,4,3187,"Camilo, Pablo Albor√°n - El Mismo Aire (Official Video)",Camilo & Pablo Albor√°n,49759014,290000,1900,ZYDj7bys8jo,3a29UVSEIj6x3YcfKs2rdi,6836411988994689025,1517068023,1517068003,CmQwxqba1QAY
Bring Me To Life,0,Evanescence,70,Fallen,235893,spotify:track:646J2jOtUe4Jflrmh6JFjN,0.312,0.946,4,-3.209,0,0.107,0.00749,2.93e-06,0.288,0.297,189.892,audio_features,646J2jOtUe4Jflrmh6JFjN,spotify:track:646J2jOtUe4Jflrmh6JFjN,https://api.spotify.com/v1/tracks/646J2jOtUe4Jflrmh6JFjN,https://api.spotify.com/v1/audio-analysis/646J2jOtUe4Jflrmh6JFjN,235893,4,3188,Evanescence - Bring Me To Life (Official Music Video),Evanescence,98204928,289955,3841,3YxaaGgTQYM,646J2jOtUe4Jflrmh6JFjN,242125893748531200,1440666111,1440665838,cgEvzz8eWwb0
Stupid Hoe,51,Nicki Minaj,86,Pink Friday ... Roman Reloaded (Deluxe),196800,spotify:track:3iLUy0E1Jk5ayKG34Xb9XA,0.888,0.837,7,-5.947,1,0.272,0.0357,0.167,0.179,0.726,100.001,audio_features,3iLUy0E1Jk5ayKG34Xb9XA,spotify:track:3iLUy0E1Jk5ayKG34Xb9XA,https://api.spotify.com/v1/tracks/3iLUy0E1Jk5ayKG34Xb9XA,https://api.spotify.com/v1/audio-analysis/3iLUy0E1Jk5ayKG34Xb9XA,196800,4,3189,Nicki Minaj - Stupid Hoe (Explicit),Nicki Minaj,35521254,289700,-87,T6j4f8cHBIM,3iLUy0E1Jk5ayKG34Xb9XA,280950314264952832,1440819343,1440818807,mRmL4tHPcLjJ
Sexy,48,JoeVille,29,Sexy,192872,spotify:track:15v2IdrO3Mk8HYXMo0M7gM,0.97,0.502,1,-9.974,1,0.0783,0.000856,0.0,0.087,0.55,121.979,audio_features,15v2IdrO3Mk8HYXMo0M7gM,spotify:track:15v2IdrO3Mk8HYXMo0M7gM,https://api.spotify.com/v1/tracks/15v2IdrO3Mk8HYXMo0M7gM,https://api.spotify.com/v1/audio-analysis/15v2IdrO3Mk8HYXMo0M7gM,192873,4,3190,JoeVille - Sexy (Official Music Video),JoeVille,169281958,289700,-1400,U4fbl4CEoOA,15v2IdrO3Mk8HYXMo0M7gM,6789771236114171906,1529321034,1529321033,WwtMTKo0DoiX
Genius,0,Sia,81,Genius,213040,spotify:track:73F87Sqh6jQWucOOvz1WFx,0.622,0.621,11,-4.924,0,0.129,0.0864,9.8e-05,0.121,0.567,158.946,audio_features,73F87Sqh6jQWucOOvz1WFx,spotify:track:73F87Sqh6jQWucOOvz1WFx,https://api.spotify.com/v1/tracks/73F87Sqh6jQWucOOvz1WFx,https://api.spotify.com/v1/audio-analysis/73F87Sqh6jQWucOOvz1WFx,213040,4,3192,"LSD - Genius ft. Sia, Diplo, Labrinth",Labrinth & #LSD & Sia & Diplo,43766955,289468,1057,HhoATZ1Imtw,73F87Sqh6jQWucOOvz1WFx,6551796596072256527,,,SdqluTn1WUjj
Yo Quiero Quebrarte,0,Los Felinos,54,All TickTock Trends,186247,spotify:track:3DaYOkVW9otWxSXHptYEYV,0.875,0.882,0,-8.113,1,0.0567,0.0373,0.35,0.0228,0.918,140.354,audio_features,3DaYOkVW9otWxSXHptYEYV,spotify:track:3DaYOkVW9otWxSXHptYEYV,https://api.spotify.com/v1/tracks/3DaYOkVW9otWxSXHptYEYV,https://api.spotify.com/v1/audio-analysis/3DaYOkVW9otWxSXHptYEYV,186247,4,3193,Los Felinos - Yo Quiero Quebrarte (Letra Oficial),Los Felinos,149376214,289466,-434,cuBAJs_f0qw,3DaYOkVW9otWxSXHptYEYV,6921428635081508866,1495517688,1495517368,FIdjfqFvDcNn
Kota,61,Dere,50,Kota,198107,spotify:track:0SeBJ2sAl8CV58kBfpd5va,0.646,0.281,4,-9.3,1,0.0278,0.573,0.0,0.102,0.162,134.88,audio_features,0SeBJ2sAl8CV58kBfpd5va,spotify:track:0SeBJ2sAl8CV58kBfpd5va,https://api.spotify.com/v1/tracks/0SeBJ2sAl8CV58kBfpd5va,https://api.spotify.com/v1/audio-analysis/0SeBJ2sAl8CV58kBfpd5va,198107,4,3194,Dere ‚Ä¢¬†Kota (Official Music Video),Dere,29944981,289290,772,23An00lfefU,0SeBJ2sAl8CV58kBfpd5va,6884233252287055874,1536188795,1536188794,brxpJWLOnU6U
Crush,0,Tessa Violet,54,Crush,216266,spotify:track:6q7Tz67loOULIPEXo941hk,0.91,0.401,1,-9.552,1,0.0855,0.0302,0.000159,0.0801,0.824,135.994,audio_features,6q7Tz67loOULIPEXo941hk,spotify:track:6q7Tz67loOULIPEXo941hk,https://api.spotify.com/v1/tracks/6q7Tz67loOULIPEXo941hk,https://api.spotify.com/v1/audio-analysis/6q7Tz67loOULIPEXo941hk,216267,4,3195,Tessa Violet - Crush (Official Music Video),Tessa Violet,61051549,289218,-1208,SiAuAJBZuGs,6q7Tz67loOULIPEXo941hk,6644968290189839109,1515393688,1515393685,xpg4TXwuo0pi
Paradinha,58,Anitta,76,Paradinha,141316,spotify:track:05rJdH2MRLJ3sQoEUO78qs,0.695,0.775,11,-5.041,0,0.0887,0.0117,0.191,0.0702,0.869,180.054,audio_features,05rJdH2MRLJ3sQoEUO78qs,spotify:track:05rJdH2MRLJ3sQoEUO78qs,https://api.spotify.com/v1/tracks/05rJdH2MRLJ3sQoEUO78qs,https://api.spotify.com/v1/audio-analysis/05rJdH2MRLJ3sQoEUO78qs,141317,4,3196,Anitta - Paradinha [Official Music Video],Anitta,4084248,289200,0,-73pafJ9RFg,05rJdH2MRLJ3sQoEUO78qs,235416825075843072,,,HTeuRQueHwBa
Stressed Out,88,Twenty One Pilots,78,Blurryface,202333,spotify:track:3CRDbSIZ4r5MsZ0YwxuEkn,0.734,0.637,4,-5.677,0,0.141,0.0462,2.29e-05,0.0602,0.648,169.977,audio_features,3CRDbSIZ4r5MsZ0YwxuEkn,spotify:track:3CRDbSIZ4r5MsZ0YwxuEkn,https://api.spotify.com/v1/tracks/3CRDbSIZ4r5MsZ0YwxuEkn,https://api.spotify.com/v1/audio-analysis/3CRDbSIZ4r5MsZ0YwxuEkn,202333,4,3197,twenty one pilots: Stressed Out [OFFICIAL VIDEO],twenty one pilots,45369319,289188,1337,pXRviuL6vMY,3CRDbSIZ4r5MsZ0YwxuEkn,6704980690787633153,974485474,974485462,uBpKmeR5ciyu
Waiting For Heartache,16,BLVKSHP,38,Waiting for Heartache,195000,spotify:track:2Z1r1sYnpM7KI4YloafITC,0.696,0.951,0,-5.45,0,0.036,0.0223,0.687,0.117,0.43,99.987,audio_features,2Z1r1sYnpM7KI4YloafITC,spotify:track:2Z1r1sYnpM7KI4YloafITC,https://api.spotify.com/v1/tracks/2Z1r1sYnpM7KI4YloafITC,https://api.spotify.com/v1/audio-analysis/2Z1r1sYnpM7KI4YloafITC,195000,4,3199,Waiting For Heartache - BLVKSHP,BLVKSHP,117368818,289100,40,rBkqoZCC1yk,2Z1r1sYnpM7KI4YloafITC,6777243018756884481,,,WnY2ZvMzwboI
Ride,44,Twenty One Pilots,78,Ride,214506,spotify:track:0mkwblABUOYgrnYr4wNwFs,0.645,0.713,6,-5.355,1,0.0393,0.00835,0.0,0.113,0.566,74.989,audio_features,0mkwblABUOYgrnYr4wNwFs,spotify:track:0mkwblABUOYgrnYr4wNwFs,https://api.spotify.com/v1/tracks/0mkwblABUOYgrnYr4wNwFs,https://api.spotify.com/v1/audio-analysis/0mkwblABUOYgrnYr4wNwFs,214507,4,3200,twenty one pilots - Ride (Official Video),twenty one pilots,10757626,288980,-280,Pw-0pbY9JeU,0mkwblABUOYgrnYr4wNwFs,6563864250102582018,974485805,974485462,bPlMHfRjbiEl
